"Name","TID","InfoTID","RepairResource","RepairCost","RequiredHallLevel","CapitalBuilding","BuildingLevel","BuildingX","BuildingY","CapitalTrap","TrapLevel","TrapX","TrapY","CapitalDeco","DecoX","DecoY","SurroundWithWalls","WallLevel","PickUpEffect","Deprecated"
"String","String","String","String","int","int","String","int","int","int","string","int","int","int","string","int","int","String","int","String","boolean"
"Deco Tree 1","TID_OBSTACLE_TREE","TID_DECO_RUIN_DESC","CapitalResource",500,,,,,,,,,,"Tree 1",0,0,,,"Bush Pickup",
"Deco Tree 2","TID_OBSTACLE_TREE","TID_DECO_RUIN_DESC","CapitalResource",500,,,,,,,,,,"Tree 2",0,0,,,"Bush Pickup",
"Deco Tree 3","TID_OBSTACLE_TREE","TID_DECO_RUIN_DESC","CapitalResource",500,,,,,,,,,,"Tree 3",0,0,,,"Bush Pickup",
"Deco Forest 2x2","TID_DECO_FOREST_2","TID_DECO_RUIN_DESC","CapitalResource",2000,,,,,,,,,,"Forest 2x2",0,0,,,"Tree Pickup",
"Deco Forest 3x3","TID_DECO_FOREST_3","TID_DECO_RUIN_DESC","CapitalResource",4000,,,,,,,,,,"Forest 3x3",0,0,,,"Tree Pickup",
"Deco Pine 1","TID_OBSTACLE_TREE","TID_DECO_RUIN_DESC","CapitalResource",500,,,,,,,,,,"Pine 1",0,0,,,"Bush Pickup",
"Deco Pine 2","TID_OBSTACLE_TREE","TID_DECO_RUIN_DESC","CapitalResource",500,,,,,,,,,,"Pine 2",0,0,,,"Bush Pickup",
"Deco Pine 3","TID_OBSTACLE_TREE","TID_DECO_RUIN_DESC","CapitalResource",500,,,,,,,,,,"Pine 3",0,0,,,"Bush Pickup",
"Deco Pine 4","TID_OBSTACLE_TREE","TID_DECO_RUIN_DESC","CapitalResource",500,,,,,,,,,,"Pine 4",0,0,,,"Bush Pickup",
"Deco Forest2 2x2","TID_DECO_FOREST_2","TID_DECO_RUIN_DESC","CapitalResource",2000,,,,,,,,,,"Forest2 2x2",0,0,,,"Tree Pickup",
"Deco Forest2 3x3","TID_DECO_FOREST_3","TID_DECO_RUIN_DESC","CapitalResource",4000,,,,,,,,,,"Forest2 3x3",0,0,,,"Tree Pickup",
"Deco Stone 1","TID_OBSTACLE_STONE","TID_DECO_RUIN_DESC","CapitalResource",2500,,,,,,,,,,"Small Stone 1_village2",0,0,,,"Stone Pickup",
"Deco Stone 2","TID_OBSTACLE_STONE","TID_DECO_RUIN_DESC","CapitalResource",2500,,,,,,,,,,"Small Stone 2_village2",0,0,,,"Stone Pickup",
"Deco Boulder 1","TID_DECO_BOULDER","TID_DECO_RUIN_DESC","CapitalResource",5000,,,,,,,,,,"Large Stone_village22",0,0,,,"Stone Pickup",
"Deco Boulder 2","TID_DECO_BOULDER","TID_DECO_RUIN_DESC","CapitalResource",5000,,,,,,,,,,"Large Stone_village2",0,0,,,"Stone Pickup",
"Deco Fireplace","TID_DECO_FIREPLACE","TID_DECO_RUIN_DESC","CapitalResource",6000,,,,,,,,,,"Fireplace",0,0,,,"Troop Housing Pickup",
"Deco Dead Tree","TID_DECO_DEAD_TREE","TID_DECO_RUIN_DESC","CapitalResource",500,,,,,,,,,,"Dead Tree 1",0,0,,,"Generic Pick Up",
"Deco Trunk 1","TID_OBSTACLE_TRUNK","TID_DECO_RUIN_DESC","CapitalResource",500,,,,,,,,,,"Fallen Tree 1",0,0,,,"Generic Pick Up",
"Deco Trunk 2","TID_OBSTACLE_TRUNK","TID_DECO_RUIN_DESC","CapitalResource",500,,,,,,,,,,"Fallen Tree 2",0,0,,,"Generic Pick Up",
"Deco Pillar 01","TID_DECO_RUINED_PILLAR","TID_DECO_RUIN_DESC","CapitalResource",5000,2,,,,,,,,,"Pillar 01",0,0,,,"Stone Pickup",
"Deco Pillar 02","TID_DECO_RUINED_PILLAR","TID_DECO_RUIN_DESC","CapitalResource",5000,2,,,,,,,,,"Pillar 02",0,0,,,"Stone Pickup",
"Deco First Barbarian","TID_DECO_FIRST_BARBARIAN","TID_DECO_RUIN_DESC","CapitalResource",50000,2,,,,,,,,,"Restored Barbarian",0,0,,,"Mortar Pickup",
"Deco Great Pyre","TID_DECO_RUINED_PYRE","TID_DECO_RUIN_DESC","CapitalResource",25000,2,,,,,,,,,"Great Pyre",0,0,,,"Troop Housing Pickup",
"ClanSquare_Level1_Buildings_1","TID_RUINS","TID_RUIN_DESC","CapitalResource",6000,1,"Cannon",1,2,3,,,,,,,,,,"Basic Turret Pickup","TRUE"
,,,,,,"Air Defense",1,0,0,,,,,,,,,,,
"ClanSquare_Level1_Buildings_2","TID_RUINS","TID_RUIN_DESC","CapitalResource",5500,1,"Spear Thrower",1,0,0,,,,,,,,,,"Basic Turret Pickup","TRUE"
,,,,,,"Cannon",1,3,0,,,,,,,,,,,
"ClanSquare_Level2_Buildings_1","TID_RUINS","TID_RUIN_DESC","CapitalResource",4000,2,"Multi Cannon",1,0,0,,,,,,,,,,"Basic Turret Pickup","TRUE"
"ClanSquare_Level2_Buildings_2","TID_RUINS","TID_RUIN_DESC","CapitalResource",9500,2,"Bomb Tower",1,0,0,,,,,,,,"Wall",1,"Basic Turret Pickup","TRUE"
,,,,,,"Multi Mortar",1,2,2,,,,,,,,,,,
"ClanSquare_Level2_Traps_1","TID_RUINS","TID_TRAP_RUIN_DESC","CapitalResource",5000,2,,,,,"Mega Mine",1,0,0,,,,"Wall",1,"Basic Turret Pickup","TRUE"
,,,,,,,,,,"Mega Mine",1,2,0,,,,,,,
,,,,,,,,,,"Mine",1,0,3,,,,,,,
"ClanSquare_Level2_Traps_2","TID_RUINS","TID_TRAP_RUIN_DESC","CapitalResource",5000,2,,,,,"Mega Mine",1,0,0,,,,,,"Basic Turret Pickup","TRUE"
,,,,,,,,,,"Mega Mine",1,2,0,,,,,,,
,,,,,,,,,,"Mine",1,4,0,,,,,,,
"ClanSquare_Level3_Buildings_1","TID_RUINS","TID_RUIN_DESC","CapitalResource",15500,3,"Bomb Tower",1,0,0,,,,,,,,"Wall",1,"Basic Turret Pickup","TRUE"
,,,,,,"Multi Mortar",1,2,0,,,,,,,,,,,
,,,,,,"Air Bombs",1,4,0,,,,,,,,,,,
"ClanSquare_Level3_Buildings_2","TID_RUINS","TID_RUIN_DESC","CapitalResource",10500,3,"Super Wizard Tower",1,0,0,,,,,,,,,,"Basic Turret Pickup","TRUE"
,,,,,,"Multi Cannon",1,1,2,,,,,,,,,,,
"ClanSquare_Leve3_Traps_1","TID_RUINS","TID_TRAP_RUIN_DESC","CapitalResource",4000,3,,,,,"Mega Mine",1,0,0,,,,"Wall",1,"Basic Turret Pickup","TRUE"
,,,,,,,,,,"Mine",1,3,0,,,,,,,
,,,,,,,,,,"Mine",1,0,3,,,,,,,
"ClanSquare_Level4_Buildings_1","TID_RUINS","TID_RUIN_DESC","CapitalResource",12000,4,"Super Wizard Tower",1,0,0,,,,,,,,,,"Basic Turret Pickup","TRUE"
,,,,,,"Rapid Rockets",1,2,2,,,,,,,,,,,
"ClanSquare_Level4_Buildings_2","TID_RUINS","TID_RUIN_DESC","CapitalResource",7000,4,"Mega Tesla",1,0,0,,,,,,,,,,"Basic Turret Pickup","TRUE"
"ClanSquare_Level4_Buildings_3","TID_RUINS","TID_RUIN_DESC","CapitalResource",15500,4,"Air Bombs",1,0,0,,,,,,,,"Wall",1,"Basic Turret Pickup","TRUE"
,,,,,,"Crusher",1,2,2,,,,,,,,,,,
,,,,,,"Rapid Rockets",1,2,0,,,,,,,,,,,
"ClanSquare_Level4_Traps_1","TID_RUINS","TID_TRAP_RUIN_DESC","CapitalResource",5500,4,,,,,"Log Trap",1,0,0,,,,,,"Basic Turret Pickup","TRUE"
,,,,,,,,,,"Mega Mine",1,3,0,,,,,,,
,,,,,,,,,,"Mine",1,0,2,,,,,,,
,,,,,,,,,,"Mine",1,0,3,,,,,,,
"ClanSquare_Level5_Buildings_1","TID_RUINS","TID_RUIN_DESC","CapitalResource",22000,5,"Rapid Rockets",1,0,0,,,,,,,,,,"Basic Turret Pickup","TRUE"
,,,,,,"Crusher",1,2,1,,,,,,,,,,,
,,,,,,"Mega Tesla",1,4,3,,,,,,,,,,,
,,,,,,"Rapid Rockets",1,3,5,,,,,,,,,,,
"ClanSquare_Level5_Buildings_2","TID_RUINS","TID_RUIN_DESC","CapitalResource",12500,5,"Rocket Artillery",1,0,0,,,,,,,,,,"Basic Turret Pickup","TRUE"
"ClanSquare_Level5_Buildings_3","TID_RUINS","TID_RUIN_DESC","CapitalResource",10000,5,"Giant Cannon",1,0,0,,,,,,,,,,"Basic Turret Pickup","TRUE"
"ClanSquare_Level5_Traps_1","TID_RUINS","TID_TRAP_RUIN_DESC","CapitalResource",6000,5,,,,,"Zap Trap",1,0,0,,,,"Wall",1,"Basic Turret Pickup","TRUE"
,,,,,,,,,,"Mega Mine",1,2,0,,,,,,,
,,,,,,,,,,"Log Trap",1,4,,,,,,,,
"ClanSquare_Level6_Buildings_1","TID_RUINS","TID_RUIN_DESC","CapitalResource",20000,6,"Blast Bow",1,0,0,,,,,,,,"Wall",1,"Basic Turret Pickup","TRUE"
"ClanSquare_Level6_Buildings_2","TID_RUINS","TID_RUIN_DESC","CapitalResource",16500,6,"Cannon",1,0,0,,,,,,,,,,"Basic Turret Pickup","TRUE"
,,,,,,"Spear Thrower",1,2,0,,,,,,,,,,,
,,,,,,"Rapid Rockets",1,0,2,,,,,,,,,,,
,,,,,,"Rapid Rockets",1,2,2,,,,,,,,,,,
"ClanSquare_Level6_Buildings_3","TID_RUINS","TID_RUIN_DESC","CapitalResource",15000,6,"Inferno Tower",1,0,0,,,,,,,,,,"Basic Turret Pickup","TRUE"
"ClanSquare_Level6_Traps_1","TID_RUINS","TID_TRAP_RUIN_DESC","CapitalResource",6000,6,,,,,"Mega Mine",1,0,0,,,,,,"Basic Turret Pickup","TRUE"
,,,,,,,,,,"Log Trap",1,2,0,,,,,,,
,,,,,,,,,,"Zap Trap",1,0,2,,,,,,,
"ClanSquare_Level7_Buildings_1","TID_RUINS","TID_RUIN_DESC","CapitalResource",15500,7,"Giant Cannon",1,0,0,,,,,,,,"Wall",1,"Basic Turret Pickup","TRUE"
,,,,,,"Rapid Rockets",1,0,3,,,,,,,,,,,
"ClanSquare_Level7_Buildings_2","TID_RUINS","TID_RUIN_DESC","CapitalResource",11000,7,"Cannon",1,0,0,,,,,,,,,,"Basic Turret Pickup","TRUE"
,,,,,,"Spear Thrower",1,2,0,,,,,,,,,,,
,,,,,,"Rapid Rockets",1,0,2,,,,,,,,,,,
"ClanSquare_Level7_Traps_1","TID_RUINS","TID_TRAP_RUIN_DESC","CapitalResource",6000,7,,,,,"Zap Trap",1,0,0,,,,,,"Basic Turret Pickup","TRUE"
,,,,,,,,,,"Mega Mine",1,3,0,,,,,,,
,,,,,,,,,,"Log Trap",1,0,2,,,,,,,
"ClanSquare_Level8_Buildings_1","TID_RUINS","TID_RUIN_DESC","CapitalResource",12500,8,"Rocket Artillery",1,0,0,,,,,"Tree 1",3,1,"Wall",1,"Basic Turret Pickup","TRUE"
,,,,,,,,,,,,,,"Tree 2",2,3,,,,
"ClanSquare_Level8_Buildings_2","TID_RUINS","TID_RUIN_DESC","CapitalResource",7500,8,"Super Giant Post",1,0,0,,,,,,,,,,"Basic Turret Pickup","TRUE"
"ClanSquare_Level8_Traps_1","TID_RUINS","TID_TRAP_RUIN_DESC","CapitalResource",4500,8,,,,,"Mega Mine",1,0,0,,,,,,"Basic Turret Pickup","TRUE"
,,,,,,,,,,"Zap Trap",1,2,0,,,,,,,
"ClanSquare_Level9_Buildings_1","TID_RUINS","TID_RUIN_DESC","CapitalResource",9000,9,"Siege Cart Post",1,0,0,,,,,"Tree 3",0,3,"Wall",1,"Basic Turret Pickup","TRUE"
,,,,,,,,,,,,,,"Tree 1",2,4,,,,
"ClanSquare_Level9_Buildings_2","TID_RUINS","TID_RUIN_DESC","CapitalResource",15000,9,"Inferno Tower",1,0,0,,,,,,,,,,"Basic Turret Pickup","TRUE"
"ClanSquare_Level9_Traps_1","TID_RUINS","TID_TRAP_RUIN_DESC","CapitalResource",4500,9,,,,,"Mega Mine",1,0,0,,,,,,"Basic Turret Pickup","TRUE"
,,,,,,,,,,"Zap Trap",1,2,0,,,,,,,
"ClanSquare_Level10_Buildings_1","TID_RUINS","TID_RUIN_DESC","CapitalResource",20000,10,"Blast Bow",1,0,0,,,,,,,,,,"Basic Turret Pickup","TRUE"
"ClanSquare_Level10_Buildings_2","TID_RUINS","TID_RUIN_DESC","CapitalResource",12000,10,"Super Dragon Post",1,0,0,,,,,,,,,,"Basic Turret Pickup","TRUE"
"ClanSquare_Level10_Traps_1","TID_RUINS","TID_TRAP_RUIN_DESC","CapitalResource",2000,10,,,,,"Mega Mine",1,0,0,,,,,,"Basic Turret Pickup","TRUE"
"BarbarianCamp_Level1_Buildings_1","TID_RUINS_BARRACKS","TID_RUIN_DESC","CapitalResource",7500,1,"Super Giant Barracks",1,0,0,,,,,,,,,,"Basic Turret Pickup","TRUE"
"BarbarianCamp_Level1_Buildings_2","TID_RUINS","TID_RUIN_DESC","CapitalResource",9000,1,"Multi Mortar",1,0,0,,,,,,,,"Wall",1,"Basic Turret Pickup","TRUE"
,,,,,,"Multi Cannon",1,1,2,,,,,,,,,,,
"BarbarianCamp_Level1_Buildings_3","TID_RUINS","TID_RUIN_DESC","CapitalResource",18000,1,"Multi Mortar",1,0,0,,,,,,,,,,"Basic Turret Pickup","TRUE"
,,,,,,"Multi Cannon",1,3,3,,,,,,,,,,,
,,,,,,"Bomb Tower",1,3,1,,,,,,,,,,,
,,,,,,"Bomb Tower",1,1,3,,,,,,,,,,,
"BarbarianCamp_Level1_Buildings_4","TID_RUINS_BARRACKS","TID_RUIN_DESC","CapitalResource",7500,1,"Battle Ram Barracks",1,0,0,,,,,,,,,,"Basic Turret Pickup","TRUE"
"BarbarianCamp_Level1_Buildings_5","TID_RUINS_ARMY_CAMP","TID_RUIN_DESC","CapitalResource",10000,1,"Army Camp",1,0,0,,,,,,,,,,"Basic Turret Pickup","TRUE"
"BarbarianCamp_Level1_Traps1","TID_RUINS","TID_TRAP_RUIN_DESC","CapitalResource",2000,1,,,,,"Mine",1,0,0,,,,,,"Basic Turret Pickup","TRUE"
,,,,,,,,,,"Mine",1,0,2,,,,,,,
"BarbarianCamp_Level2_Buildings_1","TID_RUINS_BARRACKS","TID_RUIN_DESC","CapitalResource",5250,2,"Minion Barracks",1,0,0,,,,,,,,,,"Basic Turret Pickup","TRUE"
,,,,,,"Small Cabin",1,1,3,,,,,,,,,,,
"BarbarianCamp_Level2_Buildings_2","TID_RUINS","TID_RUIN_DESC","CapitalResource",11000,2,"Spear Thrower",1,0,0,,,,,"Tree 1",0,4,"Wall",1,"Basic Turret Pickup","TRUE"
,,,,,,"Cannon",1,2,0,,,,,"Tree 2",2,3,,,,
,,,,,,"Cannon",1,0,2,,,,,,,,,,,
,,,,,,"Spear Thrower",1,1,4,,,,,,,,,,,
"BarbarianCamp_Level2_Buildings_3","TID_RUINS","TID_RUIN_DESC","CapitalResource",19500,2,"Super Giant Post",1,0,0,,,,,"Tree 1",5,4,"Wall",1,"Basic Turret Pickup","TRUE"
,,,,,,"Super Giant Post",1,3,1,,,,,"Tree 3",4,0,,,,
,,,,,,"Bomb Tower",1,0,3,,,,,,,,,,,
"BarbarianCamp_Level2_Buildings_4","TID_RUINS","TID_RUIN_DESC","CapitalResource",12750,2,"Air Bombs",1,0,0,,,,,,,,,,"Basic Turret Pickup","TRUE"
,,,,,,"Air Bombs",1,2,0,,,,,,,,,,,
,,,,,,"Small Cabin",1,0,2,,,,,,,,,,,
,,,,,,"Thatched Hut",1,3,2,,,,,,,,,,,
"BarbarianCamp_Level2_Traps_1","TID_RUINS","TID_TRAP_RUIN_DESC","CapitalResource",6000,2,,,,,"Mega Mine",1,0,0,,,,,,"Basic Turret Pickup","TRUE"
,,,,,,,,,,"Mega Mine",1,2,0,,,,,,,
,,,,,,,,,,"Mine",1,0,2,,,,,,,
,,,,,,,,,,"Mine",1,3,3,,,,,,,
"BarbarianCamp_Level3_Buildings_1","TID_RUINS","TID_RUIN_DESC","CapitalResource",9500,3,"Spear Thrower",1,0,0,,,,,,,,,,"Basic Turret Pickup","TRUE"
,,,,,,"Spear Thrower",1,2,1,,,,,,,,,,,
,,,,,,"Air Defense",1,0,2,,,,,,,,,,,
"BarbarianCamp_Level3_Buildings_2","TID_RUINS","TID_RUIN_DESC","CapitalResource",8500,3,"Cannon",1,0,0,,,,,"Pine 4",2,1,,,"Basic Turret Pickup","TRUE"
,,,,,,"Air Defense",1,1,2,,,,,,,,,,,
,,,,,,"Cannon",1,3,0,,,,,,,,,,,
"BarbarianCamp_Level3_Buildings_3","TID_RUINS","TID_RUIN_DESC","CapitalResource",18500,3,"Super Giant Post",1,0,0,,,,,"Dead Tree 1",1,3,"Wall",1,"Basic Turret Pickup","TRUE"
,,,,,,"Rapid Rockets",1,3,1,,,,,,,,,,,
,,,,,,"Rapid Rockets",1,2,3,,,,,,,,,,,
"BarbarianCamp_Level3_Buildings_4","TID_RUINS","TID_RUIN_DESC","CapitalResource",12500,3,"Rocket Artillery",1,0,0,,,,,,,,"Wall",1,"Basic Turret Pickup","TRUE"
"BarbarianCamp_Level3_Buildings_5","TID_RUINS","TID_RUIN_DESC","CapitalResource",24000,3,"Giant Cannon",1,0,0,,,,,,,,,,"Basic Turret Pickup","TRUE"
,,,,,,"Mega Tesla",1,1,4,,,,,,,,,,,
,,,,,,"Mega Tesla",1,3,2,,,,,,,,,,,
"BarbarianCamp_Level3_Traps_1","TID_RUINS","TID_TRAP_RUIN_DESC","CapitalResource",4000,3,,,,,"Mega Mine",1,0,0,"Pine 1",2,0,,,"Basic Turret Pickup","TRUE"
,,,,,,,,,,"Mine",1,2,1,,,,,,,
,,,,,,,,,,"Mine",1,0,2,,,,,,,
"BarbarianCamp_Level4_Buildings_1","TID_RUINS","TID_RUIN_DESC","CapitalResource",11000,4,"Giant Cannon",1,0,0,,,,,,,,,,"Basic Turret Pickup","TRUE"
,,,,,,"Thatched Hut",1,3,2,,,,,,,,,,,
,,,,,,"Thatched Hut",1,0,3,,,,,,,,,,,
"BarbarianCamp_Level4_Buildings_2","TID_RUINS","TID_RUIN_DESC","CapitalResource",22500,4,"Mega Tesla",1,0,0,,,,,,,,"Wall",1,"Basic Turret Pickup","TRUE"
,,,,,,"Multi Mortar",1,2,2,,,,,,,,,,,
,,,,,,"Bomb Tower",1,2,0,,,,,,,,,,,
,,,,,,"Air Bombs",1,0,2,,,,,,,,,,,
"BarbarianCamp_Level4_Buildings_3","TID_RUINS","TID_RUIN_DESC","CapitalResource",16000,4,"Cannon",1,0,0,,,,,,,,"Wall",1,"Basic Turret Pickup","TRUE"
,,,,,,"Multi Cannon",1,2,0,,,,,,,,,,,
,,,,,,"Multi Cannon",1,0,2,,,,,,,,,,,
,,,,,,"Rapid Rockets",1,2,2,,,,,,,,,,,
"BarbarianCamp_Level4_Buildings_4","TID_RUINS","TID_RUIN_DESC","CapitalResource",10500,4,"Multi Cannon",1,0,0,,,,,,,,,,"Basic Turret Pickup","TRUE"
,,,,,,"Spear Thrower",1,2,0,,,,,,,,,,,
,,,,,,"Air Defense",1,0,3,,,,,,,,,,,
"BarbarianCamp_Level4_Traps_1","TID_RUINS","TID_TRAP_RUIN_DESC","CapitalResource",3000,4,,,,,"Mega Mine",1,0,0,,,,,,"Basic Turret Pickup","TRUE"
,,,,,,,,,,"Mine",1,2,1,,,,,,,
"BarbarianCamp_Level5_Buildings_1","TID_RUINS","TID_RUIN_DESC","CapitalResource",25000,5,"Rocket Artillery",1,2,1,,,,,"Pine 1",1,2,,,"Basic Turret Pickup","TRUE"
,,,,,,"Rapid Rockets",1,0,0,,,,,"Pine 3",2,4,,,,
,,,,,,"Mega Tesla",1,0,3,,,,,,,,,,,
"BarbarianCamp_Level5_Buildings_2","TID_RUINS","TID_RUIN_DESC","CapitalResource",9000,5,"Multi Mortar",1,0,0,,,,,"Dead Tree 1",0,3,"Wall",1,"Basic Turret Pickup","TRUE"
,,,,,,"Multi Cannon",1,1,3,,,,,"Pine 3",2,1,,,,
"BarbarianCamp_Level5_Traps_1","TID_RUINS","TID_TRAP_RUIN_DESC","CapitalResource",1000,5,,,,,"Mine",1,0,0,,,,,,"Basic Turret Pickup","TRUE"
"BarbarianCamp_DecoForest1","TID_DECO_RUIN_FOREST_CIRCLE","TID_DECO_RUIN_DESC","CapitalResource",24500,2,,,,,,,,,"Forest 3x3",2,0,,,"Tree Pickup","TRUE"
,,,,,,,,,,,,,,"Forest 2x2",5,0,,,,
,,,,,,,,,,,,,,"Forest 3x3",7,0,,,,
,,,,,,,,,,,,,,"Forest 2x2",0,2,,,,
,,,,,,,,,,,,,,"Tree 1",2,3,,,,
,,,,,,,,,,,,,,"Forest 2x2",8,3,,,,
,,,,,,,,,,,,,,"Tree 2",1,5,,,,
,,,,,,,,,,,,,,"Tree 1",2,5,,,,
,,,,,,,,,,,,,,"Forest 3x3",8,5,,,,
,,,,,,,,,,,,,,"Tree 3",2,6,,,,
,,,,,,,,,,,,,,"Tree 2",2,7,,,,
,,,,,,,,,,,,,,"Tree 3",3,7,,,,
,,,,,,,,,,,,,,"Tree 2",3,8,,,,
,,,,,,,,,,,,,,"Tree 1",4,8,,,,
,,,,,,,,,,,,,,"Tree 3",5,8,,,,
,,,,,,,,,,,,,,"Tree 1",7,8,,,,
,,,,,,,,,,,,,,"Tree 2",8,8,,,,
,,,,,,,,,,,,,,"Tree 1",5,9,,,,
,,,,,,,,,,,,,,"Tree 1",6,9,,,,
"BarbarianCamp_DecoForest2","TID_DECO_RUIN_CLIFFSIDE_FOREST","TID_DECO_RUIN_DESC","CapitalResource",14500,2,,,,,,,,,"Tree 2",1,0,,,"Tree Pickup","TRUE"
,,,,,,,,,,,,,,"Forest 3x3",0,1,,,,
,,,,,,,,,,,,,,"Forest 2x2",0,4,,,,
,,,,,,,,,,,,,,"Forest 2x2",1,6,,,,
,,,,,,,,,,,,,,"Tree 3",1,8,,,,
,,,,,,,,,,,,,,"Tree 2",2,8,,,,
,,,,,,,,,,,,,,"Forest 2x2",2,9,,,,
,,,,,,,,,,,,,,"Tree 3",3,11,,,,
,,,,,,,,,,,,,,"Forest 2x2",4,11,,,,
,,,,,,,,,,,,,,"Tree 1",5,13,,,,
"BarbarianCamp_DecoForest3","TID_DECO_RUIN_CLIFFSIDE_FOREST","TID_DECO_RUIN_DESC","CapitalResource",10500,2,,,,,,,,,"Tree 1",0,0,,,"Tree Pickup","TRUE"
,,,,,,,,,,,,,,"Forest 2x2",1,0,,,,
,,,,,,,,,,,,,,"Tree 3",2,2,,,,
,,,,,,,,,,,,,,"Tree 1",2,3,,,,
,,,,,,,,,,,,,,"Tree 3",2,4,,,,
,,,,,,,,,,,,,,"Forest 3x3",3,3,,,,
,,,,,,,,,,,,,,"Tree 1",6,4,,,,
,,,,,,,,,,,,,,"Tree 2",7,4,,,,
,,,,,,,,,,,,,,"Tree 3",8,4,,,,
,,,,,,,,,,,,,,"Tree 2",9,4,,,,
,,,,,,,,,,,,,,"Tree 1",6,6,,,,
"BarbarianCamp_DecoForest4","TID_DECO_RUIN_LARGE_FOREST","TID_DECO_RUIN_DESC","CapitalResource",33500,3,,,,,,,,,"Pine 2",0,0,,,"Tree Pickup","TRUE"
,,,,,,,,,,,,,,"Pine 1",2,0,,,,
,,,,,,,,,,,,,,"Forest2 2x2",0,1,,,,
,,,,,,,,,,,,,,"Pine 2",2,2,,,,
,,,,,,,,,,,,,,"Forest2 3x3",0,3,,,,
,,,,,,,,,,,,,,"Forest2 2x2",3,4,,,,
,,,,,,,,,,,,,,"Forest2 2x2",5,4,,,,
,,,,,,,,,,,,,,"Pine 1",6,3,,,,
,,,,,,,,,,,,,,"Forest2 3x3",3,6,,,,
,,,,,,,,,,,,,,"Forest2 3x3",6,7,,,,
,,,,,,,,,,,,,,"Pine 4",5,9,,,,
,,,,,,,,,,,,,,"Pine 3",7,6,,,,
,,,,,,,,,,,,,,"Pine 1",8,6,,,,
,,,,,,,,,,,,,,"Forest2 2x2",9,8,,,,
,,,,,,,,,,,,,,"Pine 2",9,10,,,,
,,,,,,,,,,,,,,"Pine 1",10,10,,,,
,,,,,,,,,,,,,,"Forest2 3x3",9,11,,,,
,,,,,,,,,,,,,,"Forest2 2x2",12,10,,,,
,,,,,,,,,,,,,,"Pine 2",12,13,,,,
,,,,,,,,,,,,,,"Forest2 2x2",13,12,,,,
,,,,,,,,,,,,,,"Pine 3",15,13,,,,
"BarbarianCamp_DecoForest5","TID_DECO_RUIN_LARGE_FOREST","TID_DECO_RUIN_DESC","CapitalResource",15500,3,,,,,,,,,"Pine 2",3,0,,,"Tree Pickup","TRUE"
,,,,,,,,,,,,,,"Forest2 3x3",2,1,,,,
,,,,,,,,,,,,,,"Forest2 3x3",0,4,,,,
,,,,,,,,,,,,,,"Forest2 2x2",3,4,,,,
,,,,,,,,,,,,,,"Forest2 2x2",5,3,,,,
,,,,,,,,,,,,,,"Pine 2",6,5,,,,
,,,,,,,,,,,,,,"Pine 3",7,4,,,,
,,,,,,,,,,,,,,"Pine 3",4,6,,,,
,,,,,,,,,,,,,,"Pine 3",1,7,,,,
,,,,,,,,,,,,,,"Pine 2",0,8,,,,
,,,,,,,,,,,,,,"Pine 1",0,9,,,,
"WizardValley_Level1_Buildings_1","TID_RUINS_BARRACKS","TID_RUIN_DESC","CapitalResource",10000,1,"Super Wizard Barracks",1,0,0,,,,,,,,,,"Basic Turret Pickup","TRUE"
"WizardValley_Level1_Buildings_2","TID_RUINS","TID_RUIN_DESC","CapitalResource",12500,1,"Spear Thrower",1,0,0,,,,,"Tree 1",2,2,,,"Basic Turret Pickup","TRUE"
,,,,,,"Spear Thrower",1,2,0,,,,,,,,,,,
,,,,,,"Spear Thrower",1,0,3,,,,,,,,,,,
,,,,,,"Air Defense",1,4,1,,,,,,,,,,,
"WizardValley_Level1_Buildings_3","TID_RUINS","TID_RUIN_DESC","CapitalResource",15500,1,"Super Wizard Tower",1,0,0,,,,,"Tree 3",2,0,"Wall",1,"Basic Turret Pickup","TRUE"
,,,,,,"Siege Cart Post",1,2,1,,,,,"Forest 2x2",0,2,,,,
"WizardValley_Level1_Buildings_4","TID_RUINS","TID_RUIN_DESC","CapitalResource",23000,1,"Super Wizard Tower",1,0,3,,,,,"Tree 1",1,2,"Wall",1,"Basic Turret Pickup","TRUE"
,,,,,,"Air Bombs",1,0,0,,,,,,,,,,,
,,,,,,"Multi Cannon",1,2,2,,,,,,,,,,,
,,,,,,"Super Wizard Tower",1,3,0,,,,,,,,,,,
"WizardValley_Level1_Buildings_5","TID_RUINS","TID_RUIN_DESC","CapitalResource",5500,1,"Cannon",1,0,0,,,,,,,,,,"Basic Turret Pickup","TRUE"
,,,,,,"Spear Thrower",1,2,2,,,,,,,,,,,
"WizardValley_Level1_Traps_1","TID_RUINS","TID_TRAP_RUIN_DESC","CapitalResource",4000,1,,,,,"Mega Mine",1,0,0,,,,,,"Basic Turret Pickup","TRUE"
,,,,,,,,,,"Mine",1,2,2,,,,,,,
,,,,,,,,,,"Mine",1,2,1,,,,,,,
"WizardValley_Level2_Buildings_1","TID_RUINS_ARMY_CAMP","TID_RUIN_DESC","CapitalResource",10000,2,"Army Camp",1,0,0,,,,,,,,,,"Basic Turret Pickup","TRUE"
"WizardValley_Level2_Buildings_2","TID_RUINS_SPELL_FACTORY","TID_RUIN_DESC","CapitalResource",10250,2,"Jump Spell Factory",1,0,0,,,,,,,,"Wall",1,"Basic Turret Pickup","TRUE"
,,,,,,"Small Hut",1,3,1,,,,,,,,,,,
"WizardValley_Level2_Buildings_3","TID_RUINS","TID_RUIN_DESC","CapitalResource",9000,2,"Cannon",1,0,0,,,,,"Tree 2",2,0,"Wall",1,"Basic Turret Pickup","TRUE"
,,,,,,"Spear Thrower",1,2,1,,,,,,,,,,,
,,,,,,"Air Defense",1,0,2,,,,,,,,,,,
"WizardValley_Level2_Buildings_4","TID_RUINS","TID_RUIN_DESC","CapitalResource",24000,2,"Air Bombs",1,0,0,,,,,,,,,,"Basic Turret Pickup","TRUE"
,,,,,,"Mega Tesla",1,0,3,,,,,,,,,,,
,,,,,,"Mega Tesla",1,2,1,,,,,,,,,,,
,,,,,,"Multi Cannon",1,2,3,,,,,,,,,,,
"WizardValley_Level2_Traps_1","TID_RUINS","TID_TRAP_RUIN_DESC","CapitalResource",5500,2,,,,,"Mega Mine",1,0,0,,,,,,"Basic Turret Pickup","TRUE"
,,,,,,,,,,"Log Trap",1,1,3,,,,,,,
,,,,,,,,,,"Mega Mine",1,2,1,,,,,,,
"WizardValley_Level3_Buildings_1","TID_RUINS","TID_RUIN_DESC","CapitalResource",20500,3,"Cannon",1,0,0,,,,,,,,,,"Basic Turret Pickup","TRUE"
,,,,,,"Spear Thrower",1,3,0,,,,,,,,,,,
,,,,,,"Inferno Tower",1,0,3,,,,,,,,,,,
"WizardValley_Level3_Buildings_2","TID_RUINS","TID_RUIN_DESC","CapitalResource",15000,3,"Inferno Tower",1,0,0,,,,,,,,,,"Basic Turret Pickup","TRUE"
"WizardValley_Level3_Buildings_3","TID_RUINS","TID_RUIN_DESC","CapitalResource",10500,3,"Super Wizard Tower",1,0,0,,,,,,,,,,"Basic Turret Pickup","TRUE"
,,,,,,"Wooden House",1,2,1,,,,,,,,,,,
,,,,,,"Air Defense",1,0,3,,,,,,,,,,,
"WizardValley_Level3_Buildings_4","TID_RUINS","TID_RUIN_DESC","CapitalResource",6500,3,"Small Hut",1,0,0,,,,,"Tree 3",2,0,"Wall",1,"Basic Turret Pickup","TRUE"
,,,,,,"Air Bombs",1,2,1,,,,,,,,,,,
,,,,,,"Small Hut",1,0,2,,,,,,,,,,,
"WizardValley_Level3_Traps_1","TID_RUINS","TID_TRAP_RUIN_DESC","CapitalResource",3000,3,,,,,"Mine",1,0,0,,,,,,"Basic Turret Pickup","TRUE"
,,,,,,,,,,"Mega Mine",1,1,0,,,,,,,
"WizardValley_Level4_Buildings_1","TID_RUINS","TID_RUIN_DESC","CapitalResource",16000,4,"Cannon",1,0,0,,,,,,,,,,"Basic Turret Pickup","TRUE"
,,,,,,"Spear Thrower",1,2,0,,,,,,,,,,,
,,,,,,"Giant Cannon",1,0,2,,,,,,,,,,,
,,,,,,"Wooden House",1,3,3,,,,,,,,,,,
"WizardValley_Level4_Buildings_2","TID_RUINS","TID_RUIN_DESC","CapitalResource",7000,4,"Super Wizard Tower",1,1,3,,,,,,,,,,"Basic Turret Pickup","TRUE"
,,,,,,"Wooden House",1,0,0,,,,,,,,,,,
"WizardValley_Level4_Buildings_3","TID_RUINS","TID_RUIN_DESC","CapitalResource",13500,4,"Air Defense",1,0,0,,,,,"Tree 2",2,1,"Wall",1,"Basic Turret Pickup","TRUE"
,,,,,,"Giant Cannon",1,0,2,,,,,,,,,,,
"WizardValley_Level4_Traps_1","TID_RUINS","TID_TRAP_RUIN_DESC","CapitalResource",3000,4,,,,,"Mine",1,2,0,,,,,,"Basic Turret Pickup","TRUE"
,,,,,,,,,,"Mega Mine",1,0,0,,,,,,,
"WizardValley_Level5_Buildings_1","TID_RUINS","TID_RUIN_DESC","CapitalResource",15000,5,"Inferno Tower",1,0,0,,,,,"Tree 1",4,2,"Wall",1,"Basic Turret Pickup","TRUE"
"WizardValley_Level5_Buildings_2","TID_RUINS","TID_RUIN_DESC","CapitalResource",9500,5,"Wooden House",1,0,3,,,,,,,,,,"Basic Turret Pickup","TRUE"
,,,,,,"Siege Cart Post",1,0,0,,,,,,,,,,,
"WizardValley_DecoForest1","TID_DECO_RUIN_CLIFFSIDE_FOREST","TID_DECO_RUIN_DESC","CapitalResource",3500,2,,,,,,,,,"Forest 2x2",1,0,,,"Tree Pickup","TRUE"
,,,,,,,,,,,,,,"Tree 3",0,1,,,,
,,,,,,,,,,,,,,"Tree 2",3,1,,,,
,,,,,,,,,,,,,,"Tree 2",4,1,,,,
"WizardValley_DecoForest2","TID_DECO_RUIN_CLIFFSIDE_FOREST","TID_DECO_RUIN_DESC","CapitalResource",1500,2,,,,,,,,,"Tree 1",0,0,,,"Tree Pickup","TRUE"
,,,,,,,,,,,,,,"Tree 1",1,0,,,,
,,,,,,,,,,,,,,"Tree 3",2,0,,,,
"WizardValley_DecoForest3","TID_DECO_RUIN_CLIFFSIDE_FOREST","TID_DECO_RUIN_DESC","CapitalResource",9000,2,,,,,,,,,"Forest 2x2",3,0,,,"Tree Pickup","TRUE"
,,,,,,,,,,,,,,"Forest 2x2",1,1,,,,
,,,,,,,,,,,,,,"Forest 3x3",0,3,,,,
,,,,,,,,,,,,,,"Tree 1",0,6,,,,
,,,,,,,,,,,,,,"Tree 2",0,7,,,,
"WizardValley_DecoForest4","TID_DECO_RUIN_CLIFFSIDE_FOREST","TID_DECO_RUIN_DESC","CapitalResource",8500,2,,,,,,,,,"Forest 2x2",5,0,,,"Tree Pickup","TRUE"
,,,,,,,,,,,,,,"Tree 1",7,0,,,,
,,,,,,,,,,,,,,"Tree 2",8,0,,,,
,,,,,,,,,,,,,,"Tree 2",5,2,,,,
,,,,,,,,,,,,,,"Forest 3x3",2,2,,,,
,,,,,,,,,,,,,,"Tree 2",0,5,,,,
,,,,,,,,,,,,,,"Tree 3",1,5,,,,
"WizardValley_DecoForest5","TID_DECO_RUIN_CLIFFSIDE_FOREST","TID_DECO_RUIN_DESC","CapitalResource",6000,2,,,,,,,,,"Forest 2x2",0,2,,,"Tree Pickup","TRUE"
,,,,,,,,,,,,,,"Tree 2",2,2,,,,
,,,,,,,,,,,,,,"Tree 3",3,2,,,,
,,,,,,,,,,,,,,"Tree 3",5,2,,,,
,,,,,,,,,,,,,,"Tree 3",6,2,,,,
,,,,,,,,,,,,,,"Tree 1",7,2,,,,
,,,,,,,,,,,,,,"Tree 2",7,1,,,,
,,,,,,,,,,,,,,"Tree 1",8,1,,,,
,,,,,,,,,,,,,,"Tree 1",9,0,,,,
"WizardValley_DecoForest6","TID_DECO_RUIN_LARGE_FOREST","TID_DECO_RUIN_DESC","CapitalResource",6500,2,,,,,,,,,"Forest 2x2",0,0,,,"Tree Pickup","TRUE"
,,,,,,,,,,,,,,"Forest 3x3",0,2,,,,
,,,,,,,,,,,,,,"Tree 1",0,5,,,,
"WizardValley_DecoForest7","TID_DECO_RUIN_CLIFFSIDE_FOREST","TID_DECO_RUIN_DESC","CapitalResource",10000,2,,,,,,,,,"Tree 1",0,0,,,"Tree Pickup","TRUE"
,,,,,,,,,,,,,,"Tree 2",0,1,,,,
,,,,,,,,,,,,,,"Tree 1",1,1,,,,
,,,,,,,,,,,,,,"Tree 3",2,1,,,,
,,,,,,,,,,,,,,"Forest 2x2",2,2,,,,
,,,,,,,,,,,,,,"Forest 3x3",4,2,,,,
,,,,,,,,,,,,,,"Forest 2x2",7,3,,,,
"WizardValley_DecoForest8","TID_DECO_RUIN_CLIFFSIDE_FOREST","TID_DECO_RUIN_DESC","CapitalResource",13000,2,,,,,,,,,"Tree 1",0,0,,,"Tree Pickup","TRUE"
,,,,,,,,,,,,,,"Tree 2",0,1,,,,
,,,,,,,,,,,,,,"Tree 2",1,3,,,,
,,,,,,,,,,,,,,"Forest 2x2",2,3,,,,
,,,,,,,,,,,,,,"Tree 1",4,5,,,,
,,,,,,,,,,,,,,"Tree 1",5,5,,,,
,,,,,,,,,,,,,,"Forest 2x2",6,5,,,,
,,,,,,,,,,,,,,"Tree 2",8,5,,,,
,,,,,,,,,,,,,,"Forest 2x2",8,3,,,,
,,,,,,,,,,,,,,"Forest 2x2",8,1,,,,
,,,,,,,,,,,,,,"Tree 1",9,6,,,,
,,,,,,,,,,,,,,"Tree 3",10,7,,,,
,,,,,,,,,,,,,,"Tree 2",12,7,,,,
,,,,,,,,,,,,,,"Tree 1",13,7,,,,
"WizardValley_DecoForest9","TID_DECO_RUIN_CLIFFSIDE_FOREST","TID_DECO_RUIN_DESC","CapitalResource",17000,2,,,,,,,,,"Forest 3x3",0,0,,,"Tree Pickup","TRUE"
,,,,,,,,,,,,,,"Forest 2x2",1,3,,,,
,,,,,,,,,,,,,,"Tree 2",3,2,,,,
,,,,,,,,,,,,,,"Forest 2x2",3,3,,,,
,,,,,,,,,,,,,,"Tree 1",5,3,,,,
,,,,,,,,,,,,,,"Forest 3x3",5,4,,,,
,,,,,,,,,,,,,,"Tree 1",8,5,,,,
,,,,,,,,,,,,,,"Forest 2x2",8,6,,,,
,,,,,,,,,,,,,,"Tree 2",10,8,,,,
,,,,,,,,,,,,,,"Tree 1",10,9,,,,
,,,,,,,,,,,,,,"Tree 3",11,9,,,,
"BalloonLagoon_Level1_Buildings_1","TID_RUINS","TID_RUIN_DESC","CapitalResource",11500,1,"Spear Thrower",1,0,0,,,,,,,,"Wall",1,"Basic Turret Pickup","TRUE"
,,,,,,"Cannon",1,2,0,,,,,,,,,,,
,,,,,,"Cannon",1,0,2,,,,,,,,,,,
,,,,,,"Air Defense",1,2,2,,,,,,,,,,,
"BalloonLagoon_Level1_Buildings_2","TID_RUINS","TID_RUIN_DESC","CapitalResource",15000,1,"Cannon",1,0,0,,,,,"Tree 1",4,4,,,"Basic Turret Pickup","TRUE"
,,,,,,"Crusher",1,2,0,,,,,,,,,,,
,,,,,,"Air Bombs",1,1,2,,,,,,,,,,,
,,,,,,"Cannon",1,3,2,,,,,,,,,,,
"BalloonLagoon_Level1_Buildings_3","TID_RUINS","TID_RUIN_DESC","CapitalResource",13000,1,"Mega Tesla",1,0,1,,,,,"Tree 1",4,0,,,"Basic Turret Pickup","TRUE"
,,,,,,"Spear Thrower",1,3,1,,,,,,,,,,,
,,,,,,"Spear Thrower",1,1,3,,,,,,,,,,,
"BalloonLagoon_Level1_Buildings_4","TID_RUINS","TID_RUIN_DESC","CapitalResource",16500,1,"Spear Thrower",1,1,0,,,,,"Tree 1",6,0,,,"Basic Turret Pickup","TRUE"
,,,,,,"Multi Cannon",1,0,3,,,,,"Tree 2",2,2,,,,
,,,,,,"Multi Cannon",1,4,0,,,,,"Tree 3",5,2,,,,
,,,,,,"Rapid Rockets",1,3,2,,,,,"Forest 2x2",3,4,,,,
"BalloonLagoon_Level1_Traps_1","TID_RUINS","TID_TRAP_RUIN_DESC","CapitalResource",3000,1,,,,,"Mine",1,0,2,"Tree 1",2,2,,,"Basic Turret Pickup","TRUE"
,,,,,,,,,,"Mine",1,2,3,"Tree 3",0,0,,,,
,,,,,,,,,,"Mine",1,1,4,"Tree 3",2,4,,,,
"BalloonLagoon_Level2_Buildings_1","TID_RUINS_BARRACKS","TID_RUIN_DESC","CapitalResource",25000,2,"Flying Fortress Barracks",1,0,0,,,,,,,,"Wall",1,"Basic Turret Pickup","TRUE"
"BalloonLagoon_Level2_Buildings_2","TID_RUINS","TID_RUIN_DESC","CapitalResource",17500,2,"Rocket Artillery",1,0,0,,,,,"Tree 3",5,1,,,"Basic Turret Pickup","TRUE"
,,,,,,"Cannon",1,3,1,,,,,,,,,,,
,,,,,,"Cannon",1,2,3,,,,,,,,,,,
"BalloonLagoon_Level2_Buildings_3","TID_RUINS","TID_RUIN_DESC","CapitalResource",12500,2,"Rocket Artillery",1,0,0,,,,,,,,,,"Basic Turret Pickup","TRUE"
"BalloonLagoon_Level2_Buildings_4","TID_RUINS_SPELL_FACTORY","TID_RUIN_DESC","CapitalResource",10000,2,"Lightning Spell Factory",1,0,0,,,,,"Tree 1",2,4,,,"Basic Turret Pickup","TRUE"
,,,,,,,,,,,,,,"Forest 2x2",3,2,,,,
"BalloonLagoon_Level2_Buildings_5","TID_RUINS","TID_RUIN_DESC","CapitalResource",11500,2,"Spear Thrower",1,0,1,,,,,"Tree 2",4,5,,,"Basic Turret Pickup","TRUE"
,,,,,,"Cannon",1,2,0,,,,,"Tree 3",4,1,,,,
,,,,,,"Cannon",1,0,3,,,,,,,,,,,
,,,,,,"Spear Thrower",1,2,4,,,,,,,,,,,
,,,,,,"Small Cabin",1,2,2,,,,,,,,,,,
,,,,,,"Small Cabin",1,4,3,,,,,,,,,,,
"BalloonLagoon_Level2_Traps_1","TID_RUINS","TID_TRAP_RUIN_DESC","CapitalResource",2000,2,,,,,"Mine",1,0,0,,,,,,"Basic Turret Pickup","TRUE"
,,,,,,,,,,"Mine",1,1,1,,,,,,,
"BalloonLagoon_Level3_Buildings_1","TID_RUINS","TID_RUIN_DESC","CapitalResource",15000,3,"Inferno Tower",1,1,1,,,,,"Tree 1",0,0,,,"Basic Turret Pickup","TRUE"
,,,,,,,,,,,,,,"Tree 2",2,0,,,,
,,,,,,,,,,,,,,"Tree 3",0,3,,,,
"BalloonLagoon_Level3_Buildings_2","TID_RUINS","TID_RUIN_DESC","CapitalResource",15000,3,"Inferno Tower",1,0,0,,,,,"Forest 2x2",3,0,,,"Basic Turret Pickup","TRUE"
"BalloonLagoon_Level3_Buildings_3","TID_RUINS","TID_RUIN_DESC","CapitalResource",8500,3,"Air Defense",1,0,0,,,,,"Tree 2",3,0,"Wall",1,"Basic Turret Pickup","TRUE"
,,,,,,"Cannon",1,0,2,,,,,"Tree 2",2,3,,,,
,,,,,,"Cannon",1,2,1,,,,,,,,,,,
"BalloonLagoon_Level3_Buildings_4","TID_RUINS","TID_RUIN_DESC","CapitalResource",6500,3,"Spear Thrower",1,0,0,,,,,"Tree 1",1,3,,,"Basic Turret Pickup","TRUE"
,,,,,,"Small Cabin",1,2,0,,,,,,,,,,,
,,,,,,"Small Cabin",1,4,1,,,,,,,,,,,
,,,,,,"Spear Thrower",1,2,2,,,,,,,,,,,
"BalloonLagoon_Level3_Traps_1","TID_RUINS","TID_TRAP_RUIN_DESC","CapitalResource",3000,3,,,,,"Mine",1,1,0,"Tree 3",0,3,,,"Basic Turret Pickup","TRUE"
,,,,,,,,,,"Mega Mine",1,0,1,,,,,,,
"BalloonLagoon_Level4_Buildings_1","TID_RUINS","TID_RUIN_DESC","CapitalResource",12750,4,"Rocket Artillery",1,0,0,,,,,"Tree 1",3,0,"Wall",1,"Basic Turret Pickup","TRUE"
,,,,,,"Small Cabin",1,3,1,,,,,,,,,,,
"BalloonLagoon_Level4_Buildings_2","TID_RUINS","TID_RUIN_DESC","CapitalResource",250,4,"Small Cabin",1,0,0,,,,,,,,,,"Basic Turret Pickup","TRUE"
"BalloonLagoon_Level4_Buildings_3","TID_RUINS","TID_RUIN_DESC","CapitalResource",11500,4,"Air Bombs",1,0,0,,,,,,,,,,"Basic Turret Pickup","TRUE"
,,,,,,"Cannon",1,2,0,,,,,,,,,,,
,,,,,,"Spear Thrower",1,4,0,,,,,,,,,,,
"BalloonLagoon_Level4_Traps_1","TID_RUINS","TID_TRAP_RUIN_DESC","CapitalResource",3000,4,,,,,"Mine",1,0,0,,,,,,"Basic Turret Pickup","TRUE"
,,,,,,,,,,"Mega Mine",1,1,0,,,,,,,
"BalloonLagoon_Level5_Buildings_1","TID_RUINS","TID_RUIN_DESC","CapitalResource",18000,5,"Rocket Artillery",1,2,0,,,,,,,,,,"Basic Turret Pickup","TRUE"
,,,,,,"Spear Thrower",1,0,1,,,,,,,,,,,
,,,,,,"Cannon",1,1,3,,,,,,,,,,,
"BalloonLagoon_Level5_Buildings_2","TID_RUINS","TID_RUIN_DESC","CapitalResource",6500,5,"Wooden Cabin",1,0,0,,,,,,,,,,"Basic Turret Pickup","TRUE"
,,,,,,"Air Bombs",1,3,1,,,,,,,,,,,
"BalloonLagoon_Level5_Traps_1","TID_RUINS","TID_TRAP_RUIN_DESC","CapitalResource",2000,5,,,,,"Mega Mine",1,0,0,,,,,,"Basic Turret Pickup","TRUE"
"BalloonLagoon_DecoForest1","TID_DECO_RUIN_LAKESIDE_FOREST","TID_DECO_RUIN_DESC","CapitalResource",3500,2,,,,,,,,,"Forest 2x2",0,0,,,"Tree Pickup","TRUE"
,,,,,,,,,,,,,,"Tree 2",1,2,,,,
,,,,,,,,,,,,,,"Tree 1",1,4,,,,
,,,,,,,,,,,,,,"Tree 3",2,6,,,,
"BalloonLagoon_DecoForest2","TID_DECO_RUIN_LAKESIDE_FOREST","TID_DECO_RUIN_DESC","CapitalResource",6000,2,,,,,,,,,"Forest 2x2",2,1,,,"Tree Pickup","TRUE"
,,,,,,,,,,,,,,"Tree 3",3,0,,,,
,,,,,,,,,,,,,,"Tree 3",1,5,,,,
,,,,,,,,,,,,,,"Tree 1",1,6,,,,
,,,,,,,,,,,,,,"Forest 2x2",0,9,,,,
,,,,,,,,,,,,,,"Tree 3",0,11,,,,
"BalloonLagoon_DecoForest3","TID_DECO_RUIN_LAKESIDE_FOREST","TID_DECO_RUIN_DESC","CapitalResource",3000,2,,,,,,,,,"Forest 2x2",1,0,,,"Tree Pickup","TRUE"
,,,,,,,,,,,,,,"Tree 1",0,0,,,,
,,,,,,,,,,,,,,"Tree 3",3,1,,,,
"BalloonLagoon_DecoForest4","TID_DECO_RUIN_LAKESIDE_FOREST","TID_DECO_RUIN_DESC","CapitalResource",3000,2,,,,,,,,,"Forest 2x2",0,0,,,"Tree Pickup","TRUE"
,,,,,,,,,,,,,,"Tree 3",2,0,,,,
,,,,,,,,,,,,,,"Tree 3",4,0,,,,
"BalloonLagoon_DecoForest5","TID_DECO_RUIN_RIVERSIDE_FOREST","TID_DECO_RUIN_DESC","CapitalResource",3000,2,,,,,,,,,"Forest 2x2",0,0,,,"Tree Pickup","TRUE"
,,,,,,,,,,,,,,"Tree 2",4,0,,,,
,,,,,,,,,,,,,,"Tree 3",4,3,,,,
"BalloonLagoon_DecoForest6","TID_DECO_RUIN_LAKESIDE_FOREST","TID_DECO_RUIN_DESC","CapitalResource",2500,2,,,,,,,,,"Forest 2x2",0,1,,,"Tree Pickup","TRUE"
,,,,,,,,,,,,,,"Tree 3",0,0,,,,
"BalloonLagoon_DecoForest7","TID_DECO_RUIN_RIVERSIDE_FOREST","TID_DECO_RUIN_DESC","CapitalResource",6500,2,,,,,,,,,"Forest 2x2",0,1,,,"Tree Pickup","TRUE"
,,,,,,,,,,,,,,"Tree 1",2,0,,,,
,,,,,,,,,,,,,,"Tree 2",0,3,,,,
,,,,,,,,,,,,,,"Tree 1",0,6,,,,
,,,,,,,,,,,,,,"Tree 3",4,2,,,,
,,,,,,,,,,,,,,"Forest 2x2",3,4,,,,
,,,,,,,,,,,,,,"Tree 2",3,6,,,,
"BalloonLagoon_DecoForest8","TID_DECO_RUIN_RIVERSIDE_FOREST","TID_DECO_RUIN_DESC","CapitalResource",8000,2,,,,,,,,,"Forest 2x2",1,2,,,"Tree Pickup","TRUE"
,,,,,,,,,,,,,,"Forest 2x2",4,1,,,,
,,,,,,,,,,,,,,"Forest 2x2",0,6,,,,
,,,,,,,,,,,,,,"Tree 2",0,3,,,,
,,,,,,,,,,,,,,"Tree 2",5,0,,,,
,,,,,,,,,,,,,,"Tree 2",2,6,,,,
,,,,,,,,,,,,,,"Tree 3",2,7,,,,
"BalloonLagoon_DecoForest9","TID_DECO_RUIN_CLIFFSIDE_FOREST","TID_DECO_RUIN_DESC","CapitalResource",10000,2,,,,,,,,,"Tree 1",1,0,,,"Tree Pickup","TRUE"
,,,,,,,,,,,,,,"Forest 2x2",0,1,,,,
,,,,,,,,,,,,,,"Forest 2x2",1,4,,,,
,,,,,,,,,,,,,,"Forest 2x2",1,6,,,,
,,,,,,,,,,,,,,"Tree 1",3,8,,,,
,,,,,,,,,,,,,,"Tree 3",3,9,,,,
,,,,,,,,,,,,,,"Tree 2",3,10,,,,
,,,,,,,,,,,,,,"Forest 2x2",4,12,,,,
"BalloonLagoon_DecoForest10","TID_DECO_RUIN_CLIFFSIDE_FOREST","TID_DECO_RUIN_DESC","CapitalResource",13500,2,,,,,,,,,"Forest 2x2",0,0,,,"Tree Pickup","TRUE"
,,,,,,,,,,,,,,"Forest 2x2",1,3,,,,
,,,,,,,,,,,,,,"Forest 2x2",3,4,,,,
,,,,,,,,,,,,,,"Forest 3x3",3,6,,,,
,,,,,,,,,,,,,,"Tree 3",4,10,,,,
,,,,,,,,,,,,,,"Forest 2x2",4,11,,,,
,,,,,,,,,,,,,,"Tree 3",5,13,,,,
,,,,,,,,,,,,,,"Tree 3",5,15,,,,
"BuildersWorkshop_Level1_Buildings_1","TID_RUINS","TID_RUIN_DESC","CapitalResource",27000,1,"Spear Thrower",1,1,0,,,,,,,,"Wall",1,"Basic Turret Pickup","TRUE"
,,,,,,"Cannon",1,0,2,,,,,,,,,,,
,,,,,,"Multi Mortar",1,3,0,,,,,,,,,,,
,,,,,,"Spear Thrower",1,2,2,,,,,,,,,,,
,,,,,,"Air Defense",1,4,2,,,,,,,,,,,
,,,,,,"Giant Cannon",1,6,1,,,,,,,,,,,
"BuildersWorkshop_Level1_Buildings_2","TID_RUINS","TID_RUIN_DESC","CapitalResource",23500,1,"Giant Cannon",1,1,0,,,,,,,,,,"Basic Turret Pickup","TRUE"
,,,,,,"Cannon",1,0,3,,,,,,,,,,,
,,,,,,"Multi Mortar",1,4,2,,,,,,,,,,,
,,,,,,"Cannon",1,4,0,,,,,,,,,,,
,,,,,,"Air Defense",1,2,3,,,,,,,,,,,
"BuildersWorkshop_Level1_Buildings_3","TID_RUINS","TID_RUIN_DESC","CapitalResource",21500,1,"Crusher",1,0,0,,,,,,,,,,"Basic Turret Pickup","TRUE"
,,,,,,"Rapid Rockets",1,0,2,,,,,,,,,,,
,,,,,,"Rapid Rockets",1,2,0,,,,,,,,,,,
,,,,,,"Crusher",1,2,3,,,,,,,,,,,
,,,,,,"Cannon",1,4,2,,,,,,,,,,,
"BuildersWorkshop_Level1_Buildings_4","TID_RUINS","TID_RUIN_DESC","CapitalResource",7000,1,"Mega Tesla",1,0,0,,,,,,,,,,"Basic Turret Pickup","TRUE"
"BuildersWorkshop_Level1_Buildings_5","TID_RUINS","TID_RUIN_DESC","CapitalResource",7000,1,"Mega Tesla",1,0,0,,,,,,,,,,"Basic Turret Pickup","TRUE"
"BuildersWorkshop_Level1_Traps_1","TID_RUINS","TID_TRAP_RUIN_DESC","CapitalResource",7000,1,,,,,"Zap Trap",1,0,1,,,,,,"Basic Turret Pickup","TRUE"
,,,,,,,,,,"Zap Trap",1,3,0,,,,,,,
,,,,,,,,,,"Mine",1,1,1,,,,,,,
,,,,,,,,,,"Mine",1,1,2,,,,,,,
"BuildersWorkshop_Level2_Buildings_1","TID_RUINS","TID_RUIN_DESC","CapitalResource",20000,2,"Blast Bow",1,0,0,,,,,,,,"Wall",1,"Basic Turret Pickup","TRUE"
"BuildersWorkshop_Level2_Buildings_2","TID_RUINS_BARRACKS","TID_RUIN_DESC","CapitalResource",11000,2,"Super PEKKA Barracks",1,0,3,,,,,,,,,,"Basic Turret Pickup","TRUE"
,,,,,,"Slanted House",1,0,0,,,,,,,,,,,
,,,,,,"Slanted House",1,4,4,,,,,,,,,,,
"BuildersWorkshop_Level2_Buildings_3","TID_RUINS","TID_RUIN_DESC","CapitalResource",19500,2,"Cannon",1,1,0,,,,,,,,,,"Basic Turret Pickup","TRUE"
,,,,,,"Multi Cannon",1,0,2,,,,,,,,,,,
,,,,,,"Air Bombs",1,2,2,,,,,,,,,,,
,,,,,,"Mega Tesla",1,3,4,,,,,,,,,,,
"BuildersWorkshop_Level2_Buildings_4","TID_RUINS","TID_RUIN_DESC","CapitalResource",15000,2,"Rapid Rockets",1,0,0,,,,,,,,,,"Basic Turret Pickup","TRUE"
,,,,,,"Spear Thrower",1,1,2,,,,,,,,,,,
,,,,,,"Spear Thrower",1,3,3,,,,,,,,,,,
,,,,,,"Air Defense",1,3,1,,,,,,,,,,,
"BuildersWorkshop_Level2_Traps_1","TID_RUINS","TID_TRAP_RUIN_DESC","CapitalResource",5000,2,,,,,"Zap Trap",1,0,0,,,,,,"Basic Turret Pickup","TRUE"
,,,,,,,,,,"Mine",1,1,1,,,,,,,
,,,,,,,,,,"Log Trap",1,0,2,,,,,,,
"BuildersWorkshop_Level3_Buildings_1","TID_RUINS","TID_RUIN_DESC","CapitalResource",16500,3,"Rapid Rockets",1,1,0,,,,,,,,"Wall",1,"Basic Turret Pickup","TRUE"
,,,,,,"Multi Cannon",1,0,2,,,,,,,,,,,
,,,,,,"Mega Tesla",1,2,2,,,,,,,,,,,
"BuildersWorkshop_Level3_Buildings_2","TID_RUINS","TID_RUIN_DESC","CapitalResource",19000,3,"Spear Thrower",1,2,0,,,,,,,,,,"Basic Turret Pickup","TRUE"
,,,,,,"Giant Cannon",1,1,2,,,,,,,,,,,
,,,,,,"Cannon",1,0,5,,,,,,,,,,,
,,,,,,"Air Defense",1,2,5,,,,,,,,,,,
"BuildersWorkshop_Level3_Buildings_3","TID_RUINS_SPELL_FACTORY","TID_RUIN_DESC","CapitalResource",15750,3,"Small Hut",1,0,0,,,,,,,,,,"Basic Turret Pickup","TRUE"
,,,,,,"Small Hut",1,2,0,,,,,,,,,,,
,,,,,,"Frost Spell Factory",1,4,1,,,,,,,,,,,
,,,,,,"Small Hut",1,6,4,,,,,,,,,,,
"BuildersWorkshop_Level3_Traps_1","TID_RUINS","TID_TRAP_RUIN_DESC","CapitalResource",7000,3,,,,,"Zap Trap",1,2,1,,,,,,"Basic Turret Pickup","TRUE"
,,,,,,,,,,"Mine",1,0,0,,,,,,,
,,,,,,,,,,"Mega Mine",1,0,1,,,,,,,
,,,,,,,,,,"Log Trap",1,3,0,,,,,,,
"BuildersWorkshop_Leve4_Buildings_1","TID_RUINS","TID_RUIN_DESC","CapitalResource",10750,4,"Small Hut",1,0,1,,,,,,,,,,"Basic Turret Pickup","TRUE"
,,,,,,"Small Hut",1,2,0,,,,,,,,,,,
,,,,,,"Giant Cannon",1,2,2,,,,,,,,,,,
,,,,,,"Small Hut",1,5,4,,,,,,,,,,,
"BuildersWorkshop_Leve4_Buildings_2","TID_RUINS","TID_RUIN_DESC","CapitalResource",12500,4,"Spear Thrower",1,0,0,,,,,,,,"Wall",1,"Basic Turret Pickup","TRUE"
,,,,,,"Cannon",1,0,2,,,,,,,,,,,
,,,,,,"Mega Tesla",1,2,1,,,,,,,,,,,
"BuildersWorkshop_Level4_Traps_1","TID_RUINS","TID_TRAP_RUIN_DESC","CapitalResource",3500,4,,,,,"Mega Mine",1,0,0,,,,,,"Basic Turret Pickup","TRUE"
,,,,,,,,,,"Log Trap",1,2,2,,,,,,,
"BuildersWorkshop_Level5_Buildings_1","TID_RUINS","TID_RUIN_DESC","CapitalResource",20000,5,"Blast Bow",1,0,0,,,,,,,,"Wall",1,"Basic Turret Pickup","TRUE"
"BuildersWorkshop_Level5_Buildings_2","TID_RUINS","TID_RUIN_DESC","CapitalResource",3500,5,"Small Hut",1,0,0,,,,,,,,,,"Basic Turret Pickup","TRUE"
,,,,,,"Small Hut",1,2,2,,,,,,,,,,,
,,,,,,"Spear Thrower",1,4,3,,,,,,,,,,,
"BuildersWorkshop_Level5_Traps_1","TID_RUINS","TID_TRAP_RUIN_DESC","CapitalResource",2000,5,,,,,"Mega Mine",1,0,0,,,,,,"Basic Turret Pickup","TRUE"
"BuildersWorkshop_DecoForest1","TID_DECO_RUIN_LAKESIDE_FOREST","TID_DECO_RUIN_DESC","CapitalResource",11500,,,,,,,,,,"Tree 2",3,0,,,"Tree Pickup","TRUE"
,,,,,,,,,,,,,,"Tree 2",2,1,,,,
,,,,,,,,,,,,,,"Tree 2",4,0,,,,
,,,,,,,,,,,,,,"Tree 2",3,5,,,,
,,,,,,,,,,,,,,"Tree 2",7,5,,,,
,,,,,,,,,,,,,,"Tree 2",8,5,,,,
,,,,,,,,,,,,,,"Tree 1",7,6,,,,
,,,,,,,,,,,,,,"Forest 2x2",0,2,,,,
,,,,,,,,,,,,,,"Forest 2x2",1,4,,,,
,,,,,,,,,,,,,,"Forest 2x2",5,0,,,,
,,,,,,,,,,,,,,"Forest 2x2",8,3,,,,
"BuildersWorkshop_DecoForest2","TID_DECO_RUIN_RIVERSIDE_FOREST","TID_DECO_RUIN_DESC","CapitalResource",7000,,,,,,,,,,"Forest 2x2",0,0,,,"Tree Pickup","TRUE"
,,,,,,,,,,,,,,"Forest 2x2",3,1,,,,
,,,,,,,,,,,,,,"Forest 2x2",6,1,,,,
,,,,,,,,,,,,,,"Tree 2",0,2,,,,
,,,,,,,,,,,,,,"Tree 2",4,0,,,,
"BuildersWorkshop_DecoForest3","TID_DECO_RUIN_LAKESIDE_FOREST","TID_DECO_RUIN_DESC","CapitalResource",6000,,,,,,,,,,"Tree 2",0,1,,,"Tree Pickup","TRUE"
,,,,,,,,,,,,,,"Tree 3",1,0,,,,
,,,,,,,,,,,,,,"Tree 1",2,0,,,,
,,,,,,,,,,,,,,"Tree 2",3,0,,,,
,,,,,,,,,,,,,,"Tree 2",6,0,,,,
,,,,,,,,,,,,,,"Forest 2x2",7,0,,,,
,,,,,,,,,,,,,,"Tree 2",8,2,,,,
,,,,,,,,,,,,,,"Tree 3",9,3,,,,
,,,,,,,,,,,,,,"Tree 2",9,4,,,,
"BuildersWorkshop_DecoForest4","TID_DECO_RUIN_LAKESIDE_FOREST","TID_DECO_RUIN_DESC","CapitalResource",8000,,,,,,,,,,"Tree 2",0,0,,,"Tree Pickup","TRUE"
,,,,,,,,,,,,,,"Tree 1",0,1,,,,
,,,,,,,,,,,,,,"Forest 2x2",0,2,,,,
,,,,,,,,,,,,,,"Tree 1",2,3,,,,
,,,,,,,,,,,,,,"Tree 2",4,3,,,,
,,,,,,,,,,,,,,"Tree 1",5,3,,,,
,,,,,,,,,,,,,,"Tree 3",6,3,,,,
,,,,,,,,,,,,,,"Tree 1",7,3,,,,
,,,,,,,,,,,,,,"Tree 2",7,2,,,,
,,,,,,,,,,,,,,"Forest 2x2",8,1,,,,
"BuildersWorkshop_DecoForest5","TID_DECO_RUIN_RIVERSIDE_FOREST","TID_DECO_RUIN_DESC","CapitalResource",12500,,,,,,,,,,"Forest 3x3",0,0,,,"Tree Pickup","TRUE"
,,,,,,,,,,,,,,"Forest 2x2",1,3,,,,
,,,,,,,,,,,,,,"Tree 2",1,5,,,,
,,,,,,,,,,,,,,"Tree 3",3,4,,,,
,,,,,,,,,,,,,,"Tree 2",5,4,,,,
,,,,,,,,,,,,,,"Tree 1",6,4,,,,
,,,,,,,,,,,,,,"Forest 2x2",7,4,,,,
,,,,,,,,,,,,,,"Tree 1",9,5,,,,
,,,,,,,,,,,,,,"Forest 2x2",10,5,,,,
"BuildersWorkshop_DecoForest6","TID_DECO_RUIN_RIVERSIDE_FOREST","TID_DECO_RUIN_DESC","CapitalResource",13500,,,,,,,,,,"Forest 3x3",2,0,,,"Tree Pickup","TRUE"
,,,,,,,,,,,,,,"Forest 2x2",0,1,,,,
,,,,,,,,,,,,,,"Forest 2x2",1,3,,,,
,,,,,,,,,,,,,,"Tree 2",0,3,,,,
,,,,,,,,,,,,,,"Tree 1",5,1,,,,
,,,,,,,,,,,,,,"Forest 2x2",6,1,,,,
,,,,,,,,,,,,,,"Tree 2",8,2,,,,
,,,,,,,,,,,,,,"Forest 2x2",9,2,,,,
"BuildersWorkshop_DecoForest7","TID_DECO_RUIN_LARGE_FOREST","TID_DECO_RUIN_DESC","CapitalResource",6500,,,,,,,,,,"Forest 3x3",0,0,,,"Tree Pickup","TRUE"
,,,,,,,,,,,,,,"Forest 2x2",0,3,,,,
,,,,,,,,,,,,,,"Tree 3",0,5,,,,
"BuildersWorkshop_DecoForest8","TID_DECO_RUIN_RIVERSIDE_FOREST","TID_DECO_RUIN_DESC","CapitalResource",11500,,,,,,,,,,"Tree 1",0,0,,,"Tree Pickup","TRUE"
,,,,,,,,,,,,,,"Forest 2x2",0,1,,,,
,,,,,,,,,,,,,,"Tree 2",1,3,,,,
,,,,,,,,,,,,,,"Forest 2x2",1,4,,,,
,,,,,,,,,,,,,,"Forest 3x3",3,0,,,,
,,,,,,,,,,,,,,"Tree 2",4,3,,,,
,,,,,,,,,,,,,,"Forest 2x2",4,4,,,,
"BuildersWorkshop_DecoForest9","TID_DECO_RUIN_LAKESIDE_FOREST","TID_DECO_RUIN_DESC","CapitalResource",3000,,,,,,,,,,"Tree 1",0,0,,,"Tree Pickup","TRUE"
,,,,,,,,,,,,,,"Tree 2",3,0,,,,
,,,,,,,,,,,,,,"Forest 2x2",0,1,,,,
"BuildersWorkshop_DecoForest10","TID_DECO_RUIN_LAKESIDE_FOREST","TID_DECO_RUIN_DESC","CapitalResource",8000,,,,,,,,,,"Tree 3",2,0,,,"Tree Pickup","TRUE"
,,,,,,,,,,,,,,"Tree 3",0,2,,,,
,,,,,,,,,,,,,,"Forest 2x2",1,1,,,,
,,,,,,,,,,,,,,"Tree 2",3,2,,,,
,,,,,,,,,,,,,,"Forest 2x2",4,3,,,,
,,,,,,,,,,,,,,"Forest 2x2",6,4,,,,
,,,,,,,,,,,,,,"Tree 2",8,4,,,,
"BuildersWorkshop_DecoForest11","TID_DECO_RUIN_LAKESIDE_FOREST","TID_DECO_RUIN_DESC","CapitalResource",11500,,,,,,,,,,"Tree 3",0,0,,,"Tree Pickup","TRUE"
,,,,,,,,,,,,,,"Forest 2x2",1,0,,,,
,,,,,,,,,,,,,,"Forest 2x2",2,2,,,,
,,,,,,,,,,,,,,"Tree 2",3,4,,,,
,,,,,,,,,,,,,,"Forest 2x2",3,5,,,,
,,,,,,,,,,,,,,"Forest 2x2",2,7,,,,
,,,,,,,,,,,,,,"Tree 2",1,8,,,,
,,,,,,,,,,,,,,"Forest 2x2",0,9,,,,
"BuildersWorkshop_DecoForest12","TID_DECO_RUIN_RIVERSIDE_FOREST","TID_DECO_RUIN_DESC","CapitalResource",11000,,,,,,,,,,"Forest 2x2",0,0,,,"Tree Pickup","TRUE"
,,,,,,,,,,,,,,"Forest 2x2",2,0,,,,
,,,,,,,,,,,,,,"Forest 2x2",3,4,,,,
,,,,,,,,,,,,,,"Forest 3x3",0,3,,,,
,,,,,,,,,,,,,,"Tree 3",4,1,,,,
,,,,,,,,,,,,,,"Tree 1",4,2,,,,
"BuildersWorkshop_DecoForest13","TID_DECO_RUIN_LAKESIDE_FOREST","TID_DECO_RUIN_DESC","CapitalResource",10000,,,,,,,,,,"Tree 3",0,0,,,"Tree Pickup","TRUE"
,,,,,,,,,,,,,,"Forest 2x2",1,0,,,,
,,,,,,,,,,,,,,"Forest 2x2",2,2,,,,
,,,,,,,,,,,,,,"Tree 3",4,3,,,,
,,,,,,,,,,,,,,"Tree 1",3,4,,,,
,,,,,,,,,,,,,,"Forest 3x3",4,4,,,,
,,,,,,,,,,,,,,"Tree 1",5,7,,,,
"BuildersWorkshop_DecoForest14","TID_DECO_RUIN_LAKESIDE_FOREST","TID_DECO_RUIN_DESC","CapitalResource",7000,,,,,,,,,,"Tree 3",0,0,,,"Tree Pickup","TRUE"
,,,,,,,,,,,,,,"Forest 2x2",0,1,,,,
,,,,,,,,,,,,,,"Tree 1",3,2,,,,
,,,,,,,,,,,,,,"Forest 2x2",4,1,,,,
,,,,,,,,,,,,,,"Forest 2x2",6,0,,,,
"BuildersWorkshop_DecoForest15","TID_DECO_RUIN_LAKESIDE_FOREST","TID_DECO_RUIN_DESC","CapitalResource",14500,,,,,,,,,,"Tree 3",2,1,,,"Tree Pickup","TRUE"
,,,,,,,,,,,,,,"Tree 1",2,2,,,,
,,,,,,,,,,,,,,"Tree 2",5,0,,,,
,,,,,,,,,,,,,,"Forest 2x2",3,0,,,,
,,,,,,,,,,,,,,"Forest 2x2",0,2,,,,
,,,,,,,,,,,,,,"Forest 2x2",0,4,,,,
,,,,,,,,,,,,,,"Tree 1",2,6,,,,
,,,,,,,,,,,,,,"Forest 2x2",2,7,,,,
,,,,,,,,,,,,,,"Forest 2x2",4,8,,,,
,,,,,,,,,,,,,,"Tree 1",6,9,,,,
,,,,,,,,,,,,,,"Forest 2x2",6,10,,,,
"BuildersWorkshop_DecoForest16","TID_DECO_RUIN_LARGE_FOREST","TID_DECO_RUIN_DESC","CapitalResource",26000,2,,,,,,,,,"Forest2 2x2",5,0,,,"Tree Pickup","TRUE"
,,,,,,,,,,,,,,"Forest2 2x2",7,0,,,,
,,,,,,,,,,,,,,"Pine 2",6,2,,,,
,,,,,,,,,,,,,,"Pine 1",7,2,,,,
,,,,,,,,,,,,,,"Pine 2",7,3,,,,
,,,,,,,,,,,,,,"Forest2 2x2",5,3,,,,
,,,,,,,,,,,,,,"Forest2 3x3",4,5,,,,
,,,,,,,,,,,,,,"Pine 1",7,5,,,,
,,,,,,,,,,,,,,"Forest2 2x2",4,8,,,,
,,,,,,,,,,,,,,"Pine 3",6,8,,,,
,,,,,,,,,,,,,,"Forest2 2x2",3,10,,,,
,,,,,,,,,,,,,,"Forest2 2x2",2,12,,,,
,,,,,,,,,,,,,,"Pine 2",4,12,,,,
,,,,,,,,,,,,,,"Forest2 3x3",0,14,,,,
,,,,,,,,,,,,,,"Pine 3",3,14,,,,
,,,,,,,,,,,,,,"Forest2 2x2",0,17,,,,
,,,,,,,,,,,,,,"Pine 3",0,19,,,,
"BuildersWorkshop_DecoForest17","TID_DECO_RUIN_LARGE_FOREST","TID_DECO_RUIN_DESC","CapitalResource",5000,2,,,,,,,,,"Forest2 2x2",0,0,,,"Tree Pickup","TRUE"
,,,,,,,,,,,,,,"Forest2 2x2",0,3,,,,
,,,,,,,,,,,,,,"Pine 2",1,2,,,,
,,,,,,,,,,,,,,"Pine 4",2,4,,,,
"BuildersWorkshop_DecoForest18","TID_DECO_RUIN_LARGE_FOREST","TID_DECO_RUIN_DESC","CapitalResource",27500,2,,,,,,,,,"Forest2 3x3",0,0,,,"Tree Pickup","TRUE"
,,,,,,,,,,,,,,"Pine 1",3,1,,,,
,,,,,,,,,,,,,,"Pine 2",2,3,,,,
,,,,,,,,,,,,,,"Pine 4",2,4,,,,
,,,,,,,,,,,,,,"Forest2 2x2",3,3,,,,
,,,,,,,,,,,,,,"Pine 4",5,3,,,,
,,,,,,,,,,,,,,"Forest2 3x3",5,4,,,,
,,,,,,,,,,,,,,"Forest2 2x2",8,5,,,,
,,,,,,,,,,,,,,"Pine 4",10,5,,,,
,,,,,,,,,,,,,,"Forest2 3x3",10,6,,,,
,,,,,,,,,,,,,,"Forest2 2x2",13,8,,,,
,,,,,,,,,,,,,,"Forest2 3x3",15,9,,,,
,,,,,,,,,,,,,,"Pine 1",14,6,,,,
,,,,,,,,,,,,,,"Pine 1",15,7,,,,
,,,,,,,,,,,,,,"Pine 1",15,8,,,,
,,,,,,,,,,,,,,"Pine 1",18,9,,,,
,,,,,,,,,,,,,,"Pine 1",19,10,,,,
,,,,,,,,,,,,,,"Pine 4",18,10,,,,
"DragonCliffs_Level1_Buildings_1","TID_RUINS","TID_RUIN_DESC","CapitalResource",15000,1,"Super Wizard Tower",1,0,0,,,,,,,,,,"Basic Turret Pickup","TRUE"
,,,,,,"Cannon",1,3,2,,,,,,,,,,,
,,,,,,"Air Bombs",1,1,4,,,,,,,,,,,
"DragonCliffs_Level1_Buildings_2","TID_RUINS","TID_RUIN_DESC","CapitalResource",21500,1,"Air Defense",1,0,0,,,,,,,,,,"Basic Turret Pickup","TRUE"
,,,,,,"Spear Thrower",1,2,0,,,,,,,,,,,
,,,,,,"Super Dragon Post",1,0,3,,,,,,,,,,,
,,,,,,"Spear Thrower",1,3,4,,,,,,,,,,,
"DragonCliffs_Level1_Buildings_3","TID_RUINS","TID_RUIN_DESC","CapitalResource",23000,1,"Spear Thrower",1,0,0,,,,,,,,,,"Basic Turret Pickup","TRUE"
,,,,,,"Blast Bow",1,2,0,,,,,,,,,,,
"DragonCliffs_Level1_Buildings_4","TID_RUINS","TID_RUIN_DESC","CapitalResource",16500,1,"Super Dragon Post",1,0,0,,,,,,,,,,"Basic Turret Pickup","TRUE"
,,,,,,"Bomb Tower",1,0,4,,,,,,,,,,,
"DragonCliffs_Level1_Buildings_5","TID_RUINS_BARRACKS","TID_RUIN_DESC","CapitalResource",10000,1,"Hog Rider Barracks",1,0,0,,,,,,,,,,"Basic Turret Pickup","TRUE"
"DragonCliffs_Level1_Buildings_6","TID_RUINS","TID_RUIN_DESC","CapitalResource",9500,1,"Air Defense",1,0,1,,,,,,,,,,"Basic Turret Pickup","TRUE"
,,,,,,"Spear Thrower",1,3,0,,,,,,,,,,,
,,,,,,"Spear Thrower",1,0,4,,,,,,,,,,,
"DragonCliffs_Level2_Buildings_1","TID_RUINS","TID_RUIN_DESC","CapitalResource",22000,2,"Inferno Tower",1,2,0,,,,,,,,,,"Basic Turret Pickup","TRUE"
,,,,,,"Super Wizard Tower",1,2,3,,,,,,,,,,,
,,,,,,"Small Hut",1,0,2,,,,,,,,,,,
,,,,,,"Small Hut",1,4,3,,,,,,,,,,,
"DragonCliffs_Level2_Buildings_2","TID_RUINS","TID_RUIN_DESC","CapitalResource",13500,2,"Cannon",1,0,0,,,,,,,,"Wall",1,"Basic Turret Pickup","TRUE"
,,,,,,"Spear Thrower",1,2,0,,,,,,,,,,,
,,,,,,"Bomb Tower",1,0,2,,,,,,,,,,,
,,,,,,"Air Defense",1,2,2,,,,,,,,,,,
"DragonCliffs_Level2_Buildings_3","TID_RUINS","TID_RUIN_DESC","CapitalResource",13000,2,"Thatched Hut",1,0,0,,,,,,,,,,"Basic Turret Pickup","TRUE"
,,,,,,"Thatched Hut",1,0,6,,,,,,,,,,,
,,,,,,"Super Dragon Post",1,0,3,,,,,,,,,,,
"DragonCliffs_Level2_Traps_1","TID_RUINS","TID_TRAP_RUIN_DESC","CapitalResource",4500,2,,,,,"Zap Trap",1,2,1,,,,,,"Basic Turret Pickup","TRUE"
,,,,,,,,,,"Mine",1,0,0,,,,,,,
,,,,,,,,,,"Mine",1,0,1,,,,,,,
"DragonCliffs_Level3_Buildings_1","TID_RUINS","TID_RUIN_DESC","CapitalResource",12750,3,"Super Dragon Post",1,1,0,,,,,,,,,,"Basic Turret Pickup","TRUE"
,,,,,,"Small Hut",1,3,3,,,,,,,,,,,
,,,,,,"Thatched Hut",1,0,3,,,,,,,,,,,
"DragonCliffs_Level3_Buildings_2","TID_RUINS","TID_RUIN_DESC","CapitalResource",15500,3,"Super Wizard Tower",1,0,0,,,,,,,,"Wall",1,"Basic Turret Pickup","TRUE"
,,,,,,"Air Defense",1,0,2,,,,,,,,,,,
,,,,,,"Spear Thrower",1,2,0,,,,,,,,,,,
,,,,,,"Cannon",1,2,2,,,,,,,,,,,
"DragonCliffs_Level3_Buildings_3","TID_RUINS","TID_RUIN_DESC","CapitalResource",750,3,"Small Hut",1,1,0,,,,,,,,,,"Basic Turret Pickup","TRUE"
,,,,,,"Thatched Hut",1,3,0,,,,,,,,,,,
"DragonCliffs_Level3_Traps_1","TID_RUINS","TID_TRAP_RUIN_DESC","CapitalResource",3500,3,,,,,"Mine",1,0,0,,,,,,"Basic Turret Pickup","TRUE"
,,,,,,,,,,"Zap Trap",1,1,1,,,,,,,
"DragonCliffs_Level4_Buildings_1","TID_RUINS","TID_RUIN_DESC","CapitalResource",12500,4,"Small Hut",1,0,0,,,,,,,,,,"Basic Turret Pickup","TRUE"
,,,,,,"Super Dragon Post",1,0,2,,,,,,,,,,,
,,,,,,"Small Hut",1,3,3,,,,,,,,,,,
"DragonCliffs_Level4_Buildings_2","TID_RUINS","TID_RUIN_DESC","CapitalResource",9000,4,"Spear Thrower",1,0,0,,,,,,,,"Wall",1,"Basic Turret Pickup","TRUE"
,,,,,,"Cannon",1,2,0,,,,,,,,,,,
,,,,,,"Air Defense",1,4,0,,,,,,,,,,,
"DragonCliffs_Level4_Traps_1","TID_RUINS","TID_TRAP_RUIN_DESC","CapitalResource",1000,4,,,,,"Mine",1,0,0,,,,,,"Basic Turret Pickup","TRUE"
"DragonCliffs_Level5_Buildings_1","TID_RUINS","TID_RUIN_DESC","CapitalResource",3000,5,"Spear Thrower",1,0,0,,,,,,,,,,"Basic Turret Pickup","TRUE"
"DragonCliffs_Level5_Buildings_2","TID_RUINS","TID_RUIN_DESC","CapitalResource",12500,5,"Super Dragon Post",1,0,0,,,,,,,,,,"Basic Turret Pickup","TRUE"
,,,,,,"Small Hut",1,0,4,,,,,,,,,,,
,,,,,,"Small Hut",1,2,3,,,,,,,,,,,
"DragonCliffs_Level5_Traps_1","TID_RUINS","TID_TRAP_RUIN_DESC","CapitalResource",1000,5,,,,,"Mine",1,0,0,,,,,,"Basic Turret Pickup","TRUE"
"DragonCliffs_Level2_Buildings_4","TID_RUINS_BARRACKS","TID_RUIN_DESC","CapitalResource",10000,2,"Super Dragon Barracks",1,0,0,,,,,,,,,,"Basic Turret Pickup","TRUE"
"GolemQuarry_Level1_Buildings_1","TID_RUINS","TID_RUIN_DESC","CapitalResource",12500,1,"Rocket Artillery",1,0,0,,,,,,,,,,"Basic Turret Pickup","TRUE"
"GolemQuarry_Level1_Buildings_2","TID_RUINS","TID_RUIN_DESC","CapitalResource",9500,1,"Spear Thrower",1,0,3,,,,,,,,,,"Basic Turret Pickup","TRUE"
,,,,,,"Spear Thrower",1,2,2,,,,,,,,,,,
,,,,,,"Air Defense",1,2,0,,,,,,,,,,,
"GolemQuarry_Level1_Buildings_3","TID_RUINS","TID_RUIN_DESC","CapitalResource",11500,1,"Air Defense",1,0,0,,,,,,,,,,"Basic Turret Pickup","TRUE"
,,,,,,"Cannon",1,0,2,,,,,,,,,,,
,,,,,,"Spear Thrower",1,2,1,,,,,,,,,,,
,,,,,,"Cannon",1,4,1,,,,,,,,,,,
"GolemQuarry_Level1_Buildings_4","TID_RUINS","TID_RUIN_DESC","CapitalResource",8500,1,"Cannon",1,0,0,,,,,,,,,,"Basic Turret Pickup","TRUE"
,,,,,,"Air Defense",1,1,2,,,,,,,,,,,
,,,,,,"Cannon",1,3,1,,,,,,,,,,,
"GolemQuarry_Level1_Buildings_5","TID_RUINS","TID_RUIN_DESC","CapitalResource",11500,1,"Cannon",1,0,0,,,,,,,,,,"Basic Turret Pickup","TRUE"
,,,,,,"Spear Thrower",1,2,0,,,,,,,,,,,
,,,,,,"Cannon",1,4,1,,,,,,,,,,,
,,,,,,"Air Defense",1,2,2,,,,,,,,,,,
"GolemQuarry_Level1_Traps_1","TID_RUINS","TID_TRAP_RUIN_DESC","CapitalResource",5000,1,,,,,"Zap Trap",1,0,0,,,,,,"Basic Turret Pickup","TRUE"
,,,,,,,,,,"Mine",1,3,1,,,,,,,
,,,,,,,,,,"Log Trap",1,4,2,,,,,,,
"GolemQuarry_Level1_Traps_2","TID_RUINS","TID_TRAP_RUIN_DESC","CapitalResource",3500,1,,,,,"Zap Trap",1,0,2,,,,,,"Basic Turret Pickup","TRUE"
,,,,,,,,,,"Mine",1,0,0,,,,,,,
"GolemQuarry_Level2_Buildings_1","TID_RUINS","TID_RUIN_DESC","CapitalResource",9000,2,"Cannon",1,0,1,,,,,,,,"Wall",1,"Basic Turret Pickup","TRUE"
,,,,,,"Crusher",1,2,0,,,,,,,,,,,
,,,,,,"Cannon",1,2,2,,,,,,,,,,,
"GolemQuarry_Level2_Buildings_2","TID_RUINS","TID_RUIN_DESC","CapitalResource",19000,2,"Rocket Artillery",1,0,0,,,,,,,,,,"Basic Turret Pickup","TRUE"
,,,,,,"Cannon",1,0,3,,,,,,,,,,,
,,,,,,"Multi Cannon",1,2,3,,,,,,,,,,,
"GolemQuarry_Level2_Buildings_3","TID_RUINS","TID_RUIN_DESC","CapitalResource",16500,2,"Rapid Rockets",1,0,0,,,,,,,,"Wall",1,"Basic Turret Pickup","TRUE"
,,,,,,"Spear Thrower",1,0,2,,,,,,,,,,,
,,,,,,"Spear Thrower",1,2,2,,,,,,,,,,,
,,,,,,"Multi Mortar",1,2,0,,,,,,,,,,,
"GolemQuarry_Level2_Buildings_4","TID_RUINS","TID_RUIN_DESC","CapitalResource",4000,2,"Slanted House",1,1,0,,,,,,,,,,"Basic Turret Pickup","TRUE"
,,,,,,"Slanted House",1,0,3,,,,,,,,,,,
,,,,,,"Wooden House",1,3,3,,,,,,,,,,,
,,,,,,"Cannon",1,4,1,,,,,,,,,,,
"GolemQuarry_Level2_Buildings_5","TID_RUINS","TID_RUIN_DESC","CapitalResource",4000,2,"Wooden House",1,2,0,,,,,,,,,,"Basic Turret Pickup","TRUE"
,,,,,,"Air Defense",1,0,1,,,,,,,,,,,
"GolemQuarry_Level2_Traps_1","TID_RUINS","TID_TRAP_RUIN_DESC","CapitalResource",5000,2,,,,,"Zap Trap",1,0,1,,,,,,"Basic Turret Pickup","TRUE"
,,,,,,,,,,"Mine",1,0,0,,,,,,,
,,,,,,,,,,"Log Trap",1,1,0,,,,,,,
"GolemQuarry_Level3_Buildings_1","TID_RUINS","TID_RUIN_DESC","CapitalResource",20000,3,"Blast Bow",1,0,0,,,,,,,,"Wall",1,"Basic Turret Pickup","TRUE"
"GolemQuarry_Level3_Buildings_2","TID_RUINS","TID_RUIN_DESC","CapitalResource",10500,3,"Wooden House",1,0,0,,,,,,,,,,"Basic Turret Pickup","TRUE"
,,,,,,"Wooden House",1,0,3,,,,,,,,,,,
,,,,,,"Multi Cannon",1,3,0,,,,,,,,,,,
,,,,,,"Rapid Rockets",1,3,2,,,,,,,,,,,
"GolemQuarry_Level3_Buildings_3","TID_RUINS","TID_RUIN_DESC","CapitalResource",14000,3,"Air Defense",1,1,0,,,,,,,,,,"Basic Turret Pickup","TRUE"
,,,,,,"Cannon",1,0,2,,,,,,,,,,,
,,,,,,"Spear Thrower",1,2,2,,,,,,,,,,,
,,,,,,"Multi Mortar",1,3,0,,,,,,,,,,,
"GolemQuarry_Level3_Traps_1","TID_RUINS","TID_TRAP_RUIN_DESC","CapitalResource",5000,3,,,,,"Zap Trap",1,0,0,"Tree 2",0,3,,,"Basic Turret Pickup","TRUE"
,,,,,,,,,,"Mine",1,1,0,"Tree 2",1,3,,,,
,,,,,,,,,,"Log Trap",1,0,1,,,,,,,
"GolemQuarry_Level4_Buildings_1","TID_RUINS","TID_RUIN_DESC","CapitalResource",4000,4,"Small Hut",1,0,2,,,,,,,,"Wall",1,"Basic Turret Pickup","TRUE"
,,,,,,"Small Hut",1,2,2,,,,,,,,,,,
,,,,,,"Air Defense",1,1,0,,,,,,,,,,,
"GolemQuarry_Level4_Buildings_2","TID_RUINS","TID_RUIN_DESC","CapitalResource",18000,4,"Spear Thrower",1,0,0,,,,,,,,,,"Basic Turret Pickup","TRUE"
,,,,,,"Cannon",1,1,2,,,,,,,,,,,
,,,,,,"Rocket Artillery",1,3,0,,,,,,,,,,,
"GolemQuarry_Level4_Traps_1","TID_RUINS","TID_TRAP_RUIN_DESC","CapitalResource",2500,4,,,,,"Zap Trap",1,0,0,,,,,,"Basic Turret Pickup","TRUE"
"GolemQuarry_Level5_Buildings_1","TID_RUINS","TID_RUIN_DESC","CapitalResource",20000,5,"Blast Bow",1,0,0,,,,,,,,"Wall",1,"Basic Turret Pickup","TRUE"
"GolemQuarry_Level5_Buildings_2","TID_RUINS","TID_RUIN_DESC","CapitalResource",9500,5,"Small Hut",1,1,0,,,,,,,,,,"Basic Turret Pickup","TRUE"
,,,,,,"Small Hut",1,3,0,,,,,,,,,,,
,,,,,,"Air Defense",1,0,2,,,,,,,,,,,
,,,,,,"Cannon",1,2,2,,,,,,,,,,,
,,,,,,"Spear Thrower",1,4,2,,,,,,,,,,,
"GolemQuarry_DecoForest1","TID_DECO_RUIN_CLIFFSIDE_FOREST","TID_DECO_RUIN_DESC","CapitalResource",15000,2,,,,,,,,,"Tree 2",0,0,,,"Tree Pickup","TRUE"
,,,,,,,,,,,,,,"Tree 3",0,1,,,,
,,,,,,,,,,,,,,"Forest 2x2",0,2,,,,
,,,,,,,,,,,,,,"Forest 2x2",0,4,,,,
,,,,,,,,,,,,,,"Tree 3",1,6,,,,
,,,,,,,,,,,,,,"Forest 2x2",2,6,,,,
,,,,,,,,,,,,,,"Tree 1",3,8,,,,
,,,,,,,,,,,,,,"Tree 2",4,9,,,,
,,,,,,,,,,,,,,"Forest 2x2",5,9,,,,
,,,,,,,,,,,,,,"Tree 1",7,11,,,,
,,,,,,,,,,,,,,"Forest 2x2",8,11,,,,
,,,,,,,,,,,,,,"Forest 2x2",10,13,,,,
"GolemQuarry_DecoForest2","TID_DECO_RUIN_CLIFFSIDE_FOREST","TID_DECO_RUIN_DESC","CapitalResource",3500,2,,,,,,,,,"Tree 2",0,0,,,"Tree Pickup","TRUE"
,,,,,,,,,,,,,,"Tree 1",0,1,,,,
,,,,,,,,,,,,,,"Forest 2x2",2,2,,,,
,,,,,,,,,,,,,,"Tree 1",4,4,,,,
"GolemQuarry_DecoForest3","TID_DECO_RUIN_CLIFFSIDE_FOREST","TID_DECO_RUIN_DESC","CapitalResource",6000,2,,,,,,,,,"Tree 2",0,0,,,"Tree Pickup","TRUE"
,,,,,,,,,,,,,,"Tree 3",1,0,,,,
,,,,,,,,,,,,,,"Forest 2x2",2,0,,,,
,,,,,,,,,,,,,,"Forest 2x2",4,0,,,,
,,,,,,,,,,,,,,"Tree 1",6,2,,,,
,,,,,,,,,,,,,,"Tree 1",7,2,,,,
"GolemQuarry_DecoForest4","TID_DECO_RUIN_CLIFFSIDE_FOREST","TID_DECO_RUIN_DESC","CapitalResource",4500,2,,,,,,,,,"Tree 1",0,2,,,"Tree Pickup","TRUE"
,,,,,,,,,,,,,,"Forest 2x2",1,1,,,,
,,,,,,,,,,,,,,"Tree 2",3,0,,,,
,,,,,,,,,,,,,,"Tree 2",4,0,,,,
,,,,,,,,,,,,,,"Tree 2",5,0,,,,
,,,,,,,,,,,,,,"Tree 1",6,0,,,,
"GolemQuarry_DecoForest5","TID_DECO_RUIN_CLIFFSIDE_FOREST","TID_DECO_RUIN_DESC","CapitalResource",10000,2,,,,,,,,,"Forest 2x2",0,0,,,"Tree Pickup","TRUE"
,,,,,,,,,,,,,,"Tree 3",2,2,,,,
,,,,,,,,,,,,,,"Forest 2x2",2,3,,,,
,,,,,,,,,,,,,,"Tree 1",4,5,,,,
,,,,,,,,,,,,,,"Tree 2",4,6,,,,
,,,,,,,,,,,,,,"Forest 2x2",4,7,,,,
,,,,,,,,,,,,,,"Tree 2",6,11,,,,
,,,,,,,,,,,,,,"Forest 2x2",6,12,,,,
"GolemQuarry_DecoForest6","TID_DECO_RUIN_CLIFFSIDE_FOREST","TID_DECO_RUIN_DESC","CapitalResource",6500,2,,,,,,,,,"Tree 3",0,0,,,"Tree Pickup","TRUE"
,,,,,,,,,,,,,,"Tree 2",1,1,,,,
,,,,,,,,,,,,,,"Tree 3",1,2,,,,
,,,,,,,,,,,,,,"Tree 2",2,4,,,,
,,,,,,,,,,,,,,"Tree 2",2,5,,,,
,,,,,,,,,,,,,,"Tree 1",2,6,,,,
,,,,,,,,,,,,,,"Forest 2x2",2,8,,,,
,,,,,,,,,,,,,,"Tree 2",3,10,,,,
,,,,,,,,,,,,,,"Tree 2",3,11,,,,
,,,,,,,,,,,,,,"Tree 3",3,12,,,,
"GolemQuarry_DecoForest7","TID_DECO_RUIN_CLIFFSIDE_FOREST","TID_DECO_RUIN_DESC","CapitalResource",4500,2,,,,,,,,,"Forest 2x2",3,0,,,"Tree Pickup","TRUE"
,,,,,,,,,,,,,,"Forest 2x2",1,2,,,,
,,,,,,,,,,,,,,"Tree 1",0,4,,,,
"GolemQuarry_DecoForest8","TID_DECO_RUIN_CLIFFSIDE_FOREST","TID_DECO_RUIN_DESC","CapitalResource",6000,2,,,,,,,,,"Tree 2",1,0,,,"Tree Pickup","TRUE"
,,,,,,,,,,,,,,"Tree 3",1,1,,,,
,,,,,,,,,,,,,,"Tree 3",2,2,,,,
,,,,,,,,,,,,,,"Forest 2x2",2,3,,,,
,,,,,,,,,,,,,,"Tree 3",2,5,,,,
,,,,,,,,,,,,,,"Tree 2",1,6,,,,
,,,,,,,,,,,,,,"Tree 2",1,7,,,,
,,,,,,,,,,,,,,"Tree 1",0,9,,,,
,,,,,,,,,,,,,,"Tree 3",0,10,,,,
"GolemQuarry_DecoForest9","TID_DECO_RUIN_CLIFFSIDE_FOREST","TID_DECO_RUIN_DESC","CapitalResource",6000,2,,,,,,,,,"Tree 3",6,0,,,"Tree Pickup","TRUE"
,,,,,,,,,,,,,,"Forest 2x2",4,1,,,,
,,,,,,,,,,,,,,"Tree 1",3,2,,,,
,,,,,,,,,,,,,,"Forest 2x2",1,3,,,,
,,,,,,,,,,,,,,"Tree 1",0,5,,,,
,,,,,,,,,,,,,,"Tree 2",0,6,,,,
"Campsite 1","TID_DECO_RUIN_CAMPSITE","TID_DECO_RUIN_DESC","CapitalResource",6500,2,,,,,,,,,"Fireplace",0,0,,,"Troop Housing Pickup",
,,,,,,,,,,,,,,"Fallen Tree 1",0,1,,,,
"Campsite 2","TID_DECO_RUIN_CAMPSITE","TID_DECO_RUIN_DESC","CapitalResource",7000,2,,,,,,,,,"Fireplace",0,1,,,"Troop Housing Pickup",
,,,,,,,,,,,,,,"Fallen Tree 1",0,2,,,,
,,,,,,,,,,,,,,"Fallen Tree 2",1,0,,,,
"Campsite 3","TID_DECO_RUIN_CAMPSITE","TID_DECO_RUIN_DESC","CapitalResource",7000,2,,,,,,,,,"Fireplace",0,0,,,"Troop Housing Pickup",
,,,,,,,,,,,,,,"Fallen Tree 1",2,0,,,,
,,,,,,,,,,,,,,"Fallen Tree 2",0,1,,,,
"Campsite 4","TID_DECO_RUIN_CAMPSITE","TID_DECO_RUIN_DESC","CapitalResource",7000,2,,,,,,,,,"Fireplace",0,1,,,"Troop Housing Pickup",
,,,,,,,,,,,,,,"Fallen Tree 1",0,0,,,,
,,,,,,,,,,,,,,"Fallen Tree 2",1,2,,,,
"BarbarianCamp_DecoRocks1","TID_DECO_RUIN_STONE_CIRCLE","TID_DECO_RUIN_DESC","CapitalResource",22500,2,,,,,,,,,"Small Stone 2_village2",3,3,,,"Stone Pickup","TRUE"
,,,,,,,,,,,,,,"Small Stone 1_village2",2,0,,,,
,,,,,,,,,,,,,,"Small Stone 1_village2",4,0,,,,
,,,,,,,,,,,,,,"Small Stone 1_village2",0,2,,,,
,,,,,,,,,,,,,,"Small Stone 1_village2",0,4,,,,
,,,,,,,,,,,,,,"Small Stone 1_village2",6,2,,,,
,,,,,,,,,,,,,,"Small Stone 1_village2",6,4,,,,
,,,,,,,,,,,,,,"Small Stone 1_village2",2,6,,,,
,,,,,,,,,,,,,,"Small Stone 1_village2",4,6,,,,
"WizardValley_DecoPillars1","TID_DECO_RUIN_RUINED_PILLARS","TID_DECO_RUIN_DESC","CapitalResource",70000,2,,,,,,,,,"Pillar 01",0,0,,,"Stone Pickup","TRUE"
,,,,,,,,,,,,,,"Pillar 01",2,0,,,,
,,,,,,,,,,,,,,"Pillar 01",4,0,,,,
,,,,,,,,,,,,,,"Pillar 01",6,0,,,,
,,,,,,,,,,,,,,"Pillar 01",8,0,,,,
,,,,,,,,,,,,,,"Pillar 01",0,7,,,,
,,,,,,,,,,,,,,"Pillar 01",2,7,,,,
,,,,,,,,,,,,,,"Pillar 01",4,7,,,,
,,,,,,,,,,,,,,"Pillar 01",6,7,,,,
,,,,,,,,,,,,,,"Pillar 01",8,7,,,,
,,,,,,,,,,,,,,"Pillar 02",0,2,,,,
,,,,,,,,,,,,,,"Pillar 02",0,5,,,,
,,,,,,,,,,,,,,"Pillar 02",8,2,,,,
,,,,,,,,,,,,,,"Pillar 02",8,5,,,,
"WizardValley_DecoRocks1","TID_DECO_RUIN_ROCKS","TID_DECO_RUIN_DESC","CapitalResource",10000,2,,,,,,,,,"Small Stone 1_village2",0,0,,,"Stone Pickup","TRUE"
,,,,,,,,,,,,,,"Small Stone 1_village2",4,4,,,,
,,,,,,,,,,,,,,"Large Stone_village2",1,2,,,,
"DragonCliffs_DecoPillars1","TID_DECO_RUIN_RUINED_PILLARS","TID_DECO_RUIN_DESC","CapitalResource",20000,2,,,,,,,,,"Pillar 01",0,0,,,"Stone Pickup",
,,,,,,,,,,,,,,"Pillar 01",0,3,,,,
,,,,,,,,,,,,,,"Pillar 01",3,0,,,,
,,,,,,,,,,,,,,"Pillar 01",3,3,,,,
"BuildersWorkshop_DecoTrunks1","TID_DECO_RUIN_TRUNKS","TID_DECO_RUIN_DESC","CapitalResource",6000,2,,,,,,,,,"Fallen Tree 1",5,0,,,"Generic Pick Up",
,,,,,,,,,,,,,,"Fallen Tree 1",6,1,,,,
,,,,,,,,,,,,,,"Fallen Tree 1",1,3,,,,
,,,,,,,,,,,,,,"Fallen Tree 1",5,3,,,,
,,,,,,,,,,,,,,"Fallen Tree 1",1,4,,,,
,,,,,,,,,,,,,,"Fallen Tree 1",3,4,,,,
,,,,,,,,,,,,,,"Fallen Tree 2",5,2,,,,
,,,,,,,,,,,,,,"Fallen Tree 2",2,3,,,,
,,,,,,,,,,,,,,"Fallen Tree 2",3,3,,,,
,,,,,,,,,,,,,,"Fallen Tree 2",0,4,,,,
,,,,,,,,,,,,,,"Fallen Tree 2",4,4,,,,
,,,,,,,,,,,,,,"Fallen Tree 2",2,5,,,,
"BuildersWorkshop_DecoTrunks2","TID_DECO_RUIN_TRUNKS","TID_DECO_RUIN_DESC","CapitalResource",7000,2,,,,,,,,,"Fallen Tree 1",4,1,,,"Generic Pick Up",
,,,,,,,,,,,,,,"Fallen Tree 1",6,2,,,,
,,,,,,,,,,,,,,"Fallen Tree 1",6,3,,,,
,,,,,,,,,,,,,,"Fallen Tree 1",1,4,,,,
,,,,,,,,,,,,,,"Fallen Tree 1",3,5,,,,
,,,,,,,,,,,,,,"Fallen Tree 1",5,5,,,,
,,,,,,,,,,,,,,"Fallen Tree 1",1,6,,,,
,,,,,,,,,,,,,,"Fallen Tree 1",4,7,,,,
,,,,,,,,,,,,,,"Fallen Tree 2",3,0,,,,
,,,,,,,,,,,,,,"Fallen Tree 2",0,3,,,,
,,,,,,,,,,,,,,"Fallen Tree 2",5,3,,,,
,,,,,,,,,,,,,,"Fallen Tree 2",2,5,,,,
,,,,,,,,,,,,,,"Fallen Tree 2",3,6,,,,
,,,,,,,,,,,,,,"Fallen Tree 2",6,6,,,,
"BuildersWorkshop_DecoTreeFarm","TID_DECO_RUIN_TREE_FARM","TID_DECO_RUIN_DESC","CapitalResource",13000,2,,,,,,,,,"Pine 1",0,0,,,"Tree Pickup",
,,,,,,,,,,,,,,"Pine 3",0,1,,,,
,,,,,,,,,,,,,,"Pine 3",0,2,,,,
,,,,,,,,,,,,,,"Pine 3",0,3,,,,
,,,,,,,,,,,,,,"Pine 3",0,4,,,,
,,,,,,,,,,,,,,"Pine 3",0,5,,,,
,,,,,,,,,,,,,,"Pine 3",0,6,,,,
,,,,,,,,,,,,,,"Pine 3",0,7,,,,
,,,,,,,,,,,,,,"Pine 3",2,0,,,,
,,,,,,,,,,,,,,"Pine 3",2,1,,,,
,,,,,,,,,,,,,,"Pine 3",2,2,,,,
,,,,,,,,,,,,,,"Pine 3",2,3,,,,
,,,,,,,,,,,,,,"Pine 3",2,4,,,,
,,,,,,,,,,,,,,"Pine 3",2,5,,,,
,,,,,,,,,,,,,,"Pine 3",2,6,,,,
,,,,,,,,,,,,,,"Pine 3",2,7,,,,
,,,,,,,,,,,,,,"Pine 3",4,0,,,,
,,,,,,,,,,,,,,"Pine 3",4,1,,,,
,,,,,,,,,,,,,,"Pine 3",4,2,,,,
,,,,,,,,,,,,,,"Pine 3",4,3,,,,
,,,,,,,,,,,,,,"Pine 3",4,4,,,,
,,,,,,,,,,,,,,"Pine 3",6,0,,,,
,,,,,,,,,,,,,,"Pine 3",6,1,,,,
,,,,,,,,,,,,,,"Pine 3",6,2,,,,
,,,,,,,,,,,,,,"Pine 3",6,3,,,,
,,,,,,,,,,,,,,"Pine 3",6,4,,,,
"CapitalPeak_DecoForest1","TID_DECO_RUIN_LARGE_FOREST","TID_DECO_RUIN_DESC","CapitalResource",3500,2,,,,,,,,,"Pine 1",2,0,,,"Tree Pickup","TRUE"
,,,,,,,,,,,,,,"Pine 4",1,2,,,,
,,,,,,,,,,,,,,"Pine 4",3,3,,,,
,,,,,,,,,,,,,,"Forest2 2x2",1,3,,,,
"CapitalPeak_DecoForest2","TID_DECO_RUIN_LARGE_FOREST","TID_DECO_RUIN_DESC","CapitalResource",10000,2,,,,,,,,,"Forest2 3x3",0,0,,,"Tree Pickup","TRUE"
,,,,,,,,,,,,,,"Pine 3",3,0,,,,
,,,,,,,,,,,,,,"Forest2 2x2",1,3,,,,
,,,,,,,,,,,,,,"Pine 3",3,3,,,,
,,,,,,,,,,,,,,"Forest2 2x2",0,5,,,,
,,,,,,,,,,,,,,"Pine 2",1,7,,,,
,,,,,,,,,,,,,,"Pine 2",2,9,,,,
"CapitalPeak_DecoForest3","TID_DECO_RUIN_LARGE_FOREST","TID_DECO_RUIN_DESC","CapitalResource",10500,2,,,,,,,,,"Forest 2x2",3,0,,,"Tree Pickup","TRUE"
,,,,,,,,,,,,,,"Tree 3",2,1,,,,
,,,,,,,,,,,,,,"Forest 3x3",1,2,,,,
,,,,,,,,,,,,,,"Tree 2",4,3,,,,
,,,,,,,,,,,,,,"Tree 3",0,4,,,,
,,,,,,,,,,,,,,"Tree 2",1,5,,,,
,,,,,,,,,,,,,,"Tree 1",2,5,,,,
,,,,,,,,,,,,,,"Forest 2x2",0,6,,,,
"CapitalPeak_DecoForest4","TID_DECO_RUIN_LARGE_FOREST","TID_DECO_RUIN_DESC","CapitalResource",6000,2,,,,,,,,,"Tree 3",0,1,,,"Tree Pickup","TRUE"
,,,,,,,,,,,,,,"Tree 1",1,1,,,,
,,,,,,,,,,,,,,"Forest 2x2",2,0,,,,
,,,,,,,,,,,,,,"Forest 2x2",4,0,,,,
,,,,,,,,,,,,,,"Tree 2",3,2,,,,
,,,,,,,,,,,,,,"Tree 1",6,1,,,,
"CapitalPeak_DecoForest5","TID_DECO_RUIN_LARGE_FOREST","TID_DECO_RUIN_DESC","CapitalResource",14000,2,,,,,,,,,"Tree 3",0,0,,,"Tree Pickup","TRUE"
,,,,,,,,,,,,,,"Tree 1",1,1,,,,
,,,,,,,,,,,,,,"Forest 2x2",2,0,,,,
,,,,,,,,,,,,,,"Forest 3x3",4,0,,,,
,,,,,,,,,,,,,,"Tree 3",7,1,,,,
,,,,,,,,,,,,,,"Tree 1",6,3,,,,
,,,,,,,,,,,,,,"Forest 2x2",7,2,,,,
,,,,,,,,,,,,,,"Tree 3",9,2,,,,
,,,,,,,,,,,,,,"Tree 3",8,4,,,,
,,,,,,,,,,,,,,"Forest 2x2",9,3,,,,
,,,,,,,,,,,,,,"Tree 2",10,5,,,,
,,,,,,,,,,,,,,"Tree 1",11,7,,,,
"CapitalPeak_DecoForest6","TID_DECO_RUIN_LARGE_FOREST","TID_DECO_RUIN_DESC","CapitalResource",6500,2,,,,,,,,,"Pine 4",1,0,,,"Tree Pickup","TRUE"
,,,,,,,,,,,,,,"Forest2 2x2",1,1,,,,
,,,,,,,,,,,,,,"Pine 3",0,3,,,,
,,,,,,,,,,,,,,"Pine 1",1,3,,,,
,,,,,,,,,,,,,,"Forest2 2x2",0,4,,,,
,,,,,,,,,,,,,,"Pine 3",1,6,,,,
,,,,,,,,,,,,,,"Pine 2",2,5,,,,
"CapitalPeak_DecoForest7","TID_DECO_RUIN_LARGE_FOREST","TID_DECO_RUIN_DESC","CapitalResource",10500,2,,,,,,,,,"Pine 2",0,7,,,"Tree Pickup","TRUE"
,,,,,,,,,,,,,,"Pine 4",1,7,,,,
,,,,,,,,,,,,,,"Forest2 2x2",2,5,,,,
,,,,,,,,,,,,,,"Pine 4",2,4,,,,
,,,,,,,,,,,,,,"Pine 1",4,5,,,,
,,,,,,,,,,,,,,"Forest2 3x3",3,2,,,,
,,,,,,,,,,,,,,"Forest2 2x2",4,0,,,,
,,,,,,,,,,,,,,"Pine 2",6,2,,,,
"CapitalPeak_DecoForest8","TID_DECO_RUIN_LARGE_FOREST","TID_DECO_RUIN_DESC","CapitalResource",5500,2,,,,,,,,,"Forest 2x2",0,1,,,"Tree Pickup","TRUE"
,,,,,,,,,,,,,,"Tree 2",2,1,,,,
,,,,,,,,,,,,,,"Tree 3",2,2,,,,
,,,,,,,,,,,,,,"Forest 2x2",3,0,,,,
,,,,,,,,,,,,,,"Tree 1",5,0,,,,
"CapitalPeak_DecoForest9","TID_DECO_RUIN_LARGE_FOREST","TID_DECO_RUIN_DESC","CapitalResource",12500,2,,,,,,,,,"Tree 1",0,0,,,"Tree Pickup","TRUE"
,,,,,,,,,,,,,,"Tree 2",1,2,,,,
,,,,,,,,,,,,,,"Tree 1",3,4,,,,
,,,,,,,,,,,,,,"Forest 2x2",4,4,,,,
,,,,,,,,,,,,,,"Tree 3",5,6,,,,
,,,,,,,,,,,,,,"Tree 1",6,6,,,,
,,,,,,,,,,,,,,"Tree 3",6,7,,,,
,,,,,,,,,,,,,,"Forest 2x2",7,6,,,,
,,,,,,,,,,,,,,"Tree 3",8,8,,,,
,,,,,,,,,,,,,,"Tree 3",9,5,,,,
,,,,,,,,,,,,,,"Forest 3x3",9,6,,,,
,,,,,,,,,,,,,,"Tree 1",12,7,,,,
"BalloonLagoon_ForestCircle","TID_DECO_RUIN_FOREST_CIRCLE","TID_DECO_RUIN_DESC","CapitalResource",4000,2,,,,,,,,,"Pine 1",1,1,,,"Tree Pickup",
,,,,,,,,,,,,,,"Pine 1",3,0,,,,
,,,,,,,,,,,,,,"Pine 1",5,1,,,,
,,,,,,,,,,,,,,"Pine 1",0,3,,,,
,,,,,,,,,,,,,,"Pine 1",6,3,,,,
,,,,,,,,,,,,,,"Pine 1",1,5,,,,
,,,,,,,,,,,,,,"Pine 1",5,5,,,,
,,,,,,,,,,,,,,"Pine 1",3,6,,,,
"BalloonLagoon_CampingSite","TID_DECO_RUIN_CAMPSITE","TID_DECO_RUIN_DESC","CapitalResource",39000,2,,,,,,,,,"Pine 2",0,3,,,"Tree Pickup",
,,,,,,,,,,,,,,"Pine 2",2,2,,,,
,,,,,,,,,,,,,,"Pine 2",4,0,,,,
,,,,,,,,,,,,,,"Pine 2",6,2,,,,
,,,,,,,,,,,,,,"Pine 2",8,1,,,,
,,,,,,,,,,,,,,"Pine 2",2,6,,,,
,,,,,,,,,,,,,,"Pine 2",7,6,,,,
,,,,,,,,,,,,,,"Pine 3",5,5,,,,
,,,,,,,,,,,,,,"Pine 3",10,2,,,,
,,,,,,,,,,,,,,"Pine 4",9,0,,,,
,,,,,,,,,,,,,,"Pine 4",9,5,,,,
,,,,,,,,,,,,,,"Fireplace",4,2,,,,
,,,,,,,,,,,,,,"Fireplace",1,3,,,,
,,,,,,,,,,,,,,"Fireplace",7,3,,,,
,,,,,,,,,,,,,,"Fireplace",3,5,,,,
,,,,,,,,,,,,,,"Fireplace",8,6,,,,
,,,,,,,,,,,,,,"Fallen Tree 1",3,1,,,,
,,,,,,,,,,,,,,"Fallen Tree 1",4,3,,,,
,,,,,,,,,,,,,,"Fallen Tree 1",7,2,,,,
,,,,,,,,,,,,,,"Fallen Tree 1",0,5,,,,
,,,,,,,,,,,,,,"Fallen Tree 2",8,3,,,,
,,,,,,,,,,,,,,"Fallen Tree 2",4,6,,,,
,,,,,,,,,,,,,,"Fallen Tree 2",9,6,,,,
"BalloonLagoon_Level1_Buildings_5","TID_RUINS_BARRACKS","TID_RUIN_DESC","CapitalResource",10000,1,"Skeleton Barrel Barracks",1,0,0,,,,,,,,,,"Basic Turret Pickup","TRUE"
"BoneYard_Level1_Buildings_1","TID_RUINS","TID_RUIN_DESC","CapitalResource",5500,1,"Cannon",1,0,0,,,,,,,,"Wall",1,"Basic Turret Pickup","TRUE"
,,,,,,"Spear Thrower",1,2,0,,,,,,,,,,"Basic Turret Pickup","TRUE"
"BoneYard_Level1_Buildings_2","TID_RUINS","TID_RUIN_DESC","CapitalResource",9250,1,"Air Defense",1,2,0,"Mine",1,0,3,,,,,,"Basic Turret Pickup","TRUE"
,,,,,,"Bomb Tower",1,3,3,,,,,,,,,,,
,,,,,,"Small Cabin",1,1,5,,,,,,,,,,,
"BoneYard_Level1_Buildings_3","TID_RUINS","TID_RUIN_DESC","CapitalResource",17500,1,"Super Wizard Tower",1,0,0,,,,,,,,"Wall",1,"Basic Turret Pickup","TRUE"
,,,,,,"Multi Mortar",1,0,2,,,,,,,,,,,
,,,,,,"Cannon",1,2,0,,,,,,,,,,,
,,,,,,"Air Defense",1,2,2,,,,,,,,,,,
"BoneYard_Level1_Buildings_4","TID_RUINS","TID_RUIN_DESC","CapitalResource",10250,1,"Small Hut",1,0,0,,,,,,,,"Wall",1,"Basic Turret Pickup","TRUE"
,,,,,,"Super Wizard Tower",1,2,0,,,,,,,,,,,
,,,,,,"Air Defense",1,4,0,,,,,,,,,,,
"BoneYard_Level1_Buildings_5","TID_RUINS","TID_RUIN_DESC","CapitalResource",10500,1,"Wooden House",1,0,0,"Mine",1,3,1,,,,,,"Basic Turret Pickup","TRUE"
,,,,,,"Mega Tesla",1,1,3,"Mega Mine",1,3,3,,,,,,,
"BoneYard_Level1_Buildings_6","TID_RUINS","TID_RUIN_DESC","CapitalResource",1250,1,"Small Hut",1,0,3,"Mine",1,0,0,,,,,,"Basic Turret Pickup","TRUE"
"BoneYard_Level1_Buildings_7","TID_RUINS","TID_RUIN_DESC","CapitalResource",16500,1,"Reflector",1,0,0,"Log Trap",1,0,2,,,,,,"Basic Turret Pickup","TRUE"
,,,,,,"Reflector",1,0,4,,,,,,,,,,,
"BoneYard_Level1_Buildings_8","TID_RUINS","TID_RUIN_DESC","CapitalResource",6000,1,"Wooden House",1,0,0,"Log Trap",1,2,3,,,,,,"Basic Turret Pickup","TRUE"
,,,,,,"Multi Cannon",1,3,0,,,,,,,,,,,
"BoneYard_Level1_Buildings_9","TID_RUINS","TID_RUIN_DESC","CapitalResource",10000,1,"Giant Cannon",1,0,0,,,,,,,,,,"Basic Turret Pickup","TRUE"
"BoneYard_Level1_Buildings_10","TID_RUINS","TID_RUIN_DESC","CapitalResource",13500,1,"Cannon",1,2,0,"Mine",1,5,4,,,,,,"Basic Turret Pickup","TRUE"
,,,,,,"Rapid Rockets",1,4,2,,,,,,,,,,,
,,,,,,"Bomb Tower",1,0,2,,,,,,,,,,,
"BoneYard_Level2_Buildings_1","TID_RUINS_SPELL_FACTORY","TID_RUIN_DESC","CapitalResource",21000,2,"Graveyard Spell Factory",1,2,3,,,,,,,,,,"Basic Turret Pickup","TRUE"
,,,,,,"Wooden Cabin",1,0,0,,,,,,,,,,,
,,,,,,"Wooden House",1,5,5,,,,,,,,,,,
"BoneYard_Level2_Buildings_2","TID_RUINS","TID_RUIN_DESC","CapitalResource",17500,2,"Mini-Minion Hive",1,0,0,,,,,,,,,,"Basic Turret Pickup","TRUE"
"BoneYard_Level2_Buildings_3","TID_RUINS","TID_RUIN_DESC","CapitalResource",23500,2,"Multi Mortar",1,0,1,"Log Trap",1,3,0,,,,,,"Basic Turret Pickup","TRUE"
,,,,,,"Mega Tesla",1,3,2,,,,,,,,,,,
,,,,,,"Bomb Tower",1,0,4,,,,,,,,,,,
,,,,,,"Rapid Rockets",1,3,5,,,,,,,,,,,
"BoneYard_Level2_Buildings_4","TID_RUINS","TID_RUIN_DESC","CapitalResource",10000,2,"Air Bombs",1,0,3,"Mine",1,1,0,,,,,,"Basic Turret Pickup","TRUE"
,,,,,,"Spear Thrower",1,2,2,,,,,,,,,,,
"BoneYard_Level2_Buildings_5","TID_RUINS","TID_RUIN_DESC","CapitalResource",9000,2,"Reflector",1,0,0,"Log Trap",1,0,2,,,,,,"Basic Turret Pickup","TRUE"
"BoneYard_Level2_Buildings_6","TID_RUINS","TID_RUIN_DESC","CapitalResource",6000,2,"Multi Cannon",1,0,0,"Mega Mine",1,2,0,,,,,,"Basic Turret Pickup","TRUE"
"BoneYard_Level3_Buildings_1","TID_RUINS","TID_RUIN_DESC","CapitalResource",12500,3,"Rocket Artillery",1,0,0,,,,,,,,,,"Basic Turret Pickup","TRUE"
"BoneYard_Level3_Buildings_2","TID_RUINS","TID_RUIN_DESC","CapitalResource",16500,3,"Reflector",1,0,0,"Log Trap",1,2,0,,,,,,"Basic Turret Pickup","TRUE"
,,,,,,"Reflector",1,4,0,,,,,,,,,,,
"BoneYard_Level3_Buildings_3","TID_RUINS","TID_RUIN_DESC","CapitalResource",16000,3,"Rapid Rockets",1,1,1,"Zap Trap",1,0,0,,,,,,"Basic Turret Pickup","TRUE"
,,,,,,"Spear Thrower",1,1,4,,,,,,,,,,,
,,,,,,"Multi Mortar",1,1,7,,,,,,,,,,,
"BoneYard_Level3_Buildings_4","TID_RUINS","TID_RUIN_DESC","CapitalResource",7250,3,"Small Hut",1,0,1,"Zap Trap",1,2,0,,,,,,"Basic Turret Pickup","TRUE"
,,,,,,"Air Defense",1,0,4,"Mine",1,1,3,,,,,,,
"BoneYard_Level3_Buildings_5","TID_RUINS","TID_RUIN_DESC","CapitalResource",9500,3,"Wooden House",1,0,1,,,,,,,,,,"Basic Turret Pickup","TRUE"
,,,,,,"Spear Thrower",1,3,1,,,,,,,,,,,
,,,,,,"Air Bombs",1,6,0,,,,,,,,,,,
"BoneYard_Level4_Buildings_1","TID_RUINS","TID_RUIN_DESC","CapitalResource",15000,4,"Rocket Artillery",1,0,0,"Zap Trap",1,3,2,,,,,,"Basic Turret Pickup","TRUE"
"BoneYard_Level4_Buildings_2","TID_RUINS","TID_RUIN_DESC","CapitalResource",18500,4,"Rapid Rockets",1,4,0,,,,,,,,,,"Basic Turret Pickup","TRUE"
,,,,,,"Spear Thrower",1,1,2,,,,,,,,,,,
,,,,,,"Reflector",1,4,3,,,,,,,,,,,
,,,,,,"Cannon",1,0,5,,,,,,,,,,,
"BoneYard_Level4_Buildings_3","TID_RUINS","TID_RUIN_DESC","CapitalResource",7750,4,"Air Defense",1,0,0,,,,,,,,"Wall",1,"Basic Turret Pickup","TRUE"
,,,,,,"Multi Cannon",1,2,0,,,,,,,,,,,
,,,,,,"Small Cabin",1,1,2,,,,,,,,,,,
"BoneYard_Level5_Buildings_1","TID_RUINS","TID_RUIN_DESC","CapitalResource",10000,5,"Giant Cannon",1,0,0,,,,,,,,,,"Basic Turret Pickup","TRUE"
"BoneYard_Level5_Buildings_2","TID_RUINS","TID_RUIN_DESC","CapitalResource",7750,5,"Multi Cannon",1,1,0,,,,,,,,,,"Basic Turret Pickup","TRUE"
,,,,,,"Small Hut",1,0,2,,,,,,,,,,,
,,,,,,"Air Defense",1,1,4,,,,,,,,,,,
"BoneYard_DecoForest1","TID_DECO_RUIN_CLIFFSIDE_FOREST","TID_DECO_RUIN_DESC","CapitalResource",4000,2,,,,,,,,,"Tree 3",0,0,,,"Tree Pickup","TRUE"
,,,,,,,,,,,,,,"Forest 2x2",1,0,,,,
,,,,,,,,,,,,,,"Tree 1",3,1,,,,
,,,,,,,,,,,,,,"Tree 2",4,1,,,,
,,,,,,,,,,,,,,"Tree 1",6,1,,,,
"BoneYard_DecoForest2","TID_DECO_RUIN_CLIFFSIDE_FOREST","TID_DECO_RUIN_DESC","CapitalResource",3000,2,,,,,,,,,"Forest 2x2",0,0,,,"Tree Pickup","TRUE"
,,,,,,,,,,,,,,"Tree 3",2,2,,,,
,,,,,,,,,,,,,,"Tree 2",3,2,,,,
"BoneYard_DecoForest3","TID_DECO_RUIN_CLIFFSIDE_FOREST","TID_DECO_RUIN_DESC","CapitalResource",3000,2,,,,,,,,,"Forest 2x2",1,0,,,"Tree Pickup","TRUE"
,,,,,,,,,,,,,,"Tree 2",0,2,,,,
,,,,,,,,,,,,,,"Tree 2",3,0,,,,
"BoneYard_DecoForest4","TID_DECO_RUIN_LAKESIDE_FOREST","TID_DECO_RUIN_DESC","CapitalResource",1500,2,,,,,,,,,"Pine 2",0,0,,,"Tree Pickup","TRUE"
,,,,,,,,,,,,,,"Pine 1",2,2,,,,
,,,,,,,,,,,,,,"Pine 4",2,3,,,,
"BoneYard_DecoForest5","TID_DECO_RUIN_CLIFFSIDE_FOREST","TID_DECO_RUIN_DESC","CapitalResource",3500,2,,,,,,,,,"Pine 4",0,0,,,"Tree Pickup","TRUE"
,,,,,,,,,,,,,,"Forest2 2x2",1,1,,,,
,,,,,,,,,,,,,,"Pine 1",0,4,,,,
,,,,,,,,,,,,,,"Pine 2",1,4,,,,
"BoneYard_DecoForest6","TID_DECO_RUIN_CLIFFSIDE_FOREST","TID_DECO_RUIN_DESC","CapitalResource",3500,2,,,,,,,,,"Pine 2",0,0,,,"Tree Pickup","TRUE"
,,,,,,,,,,,,,,"Forest2 2x2",0,2,,,,
,,,,,,,,,,,,,,"Pine 3",2,4,,,,
,,,,,,,,,,,,,,"Pine 2",3,5,,,,
"BoneYard_DecoForest7","TID_DECO_RUIN_LAKESIDE_FOREST","TID_DECO_RUIN_DESC","CapitalResource",2000,2,,,,,,,,,"Pine 1",0,2,,,"Tree Pickup","TRUE"
,,,,,,,,,,,,,,"Pine 2",1,1,,,,
,,,,,,,,,,,,,,"Pine 3",2,0,,,,
,,,,,,,,,,,,,,"Pine 4",1,2,,,,
"BoneYard_DecoForest8","TID_DECO_RUIN_CLIFFSIDE_FOREST","TID_DECO_RUIN_DESC","CapitalResource",2500,2,,,,,,,,,"Pine 3",0,0,,,"Tree Pickup","TRUE"
,,,,,,,,,,,,,,"Forest2 2x2",0,2,,,,
"BoneYard_DecoForest9","TID_DECO_RUIN_CLIFFSIDE_FOREST","TID_DECO_RUIN_DESC","CapitalResource",2500,2,,,,,,,,,"Tree 3",0,0,,,"Tree Pickup","TRUE"
,,,,,,,,,,,,,,"Forest 2x2",0,1,,,,
"BoneYard_DecoForest10","TID_DECO_RUIN_CLIFFSIDE_FOREST","TID_DECO_RUIN_DESC","CapitalResource",6500,2,,,,,,,,,"Tree 1",1,0,,,"Tree Pickup","TRUE"
,,,,,,,,,,,,,,"Tree 2",1,1,,,,
,,,,,,,,,,,,,,"Tree 2",1,2,,,,
,,,,,,,,,,,,,,"Forest 3x3",0,3,,,,
,,,,,,,,,,,,,,"Tree 2",0,8,,,,
,,,,,,,,,,,,,,"Tree 3",0,6,,,,
"BoneYard_DecoForest11","TID_DECO_RUIN_LARGE_FOREST","TID_DECO_RUIN_DESC","CapitalResource",27500,2,,,,,,,,,"Pine 2",8,0,,,"Tree Pickup","TRUE"
,,,,,,,,,,,,,,"Pine 2",8,1,,,,
,,,,,,,,,,,,,,"Pine 2",5,8,,,,
,,,,,,,,,,,,,,"Pine 2",0,10,,,,
,,,,,,,,,,,,,,"Pine 2",1,10,,,,
,,,,,,,,,,,,,,"Forest 3x3",9,0,,,,
,,,,,,,,,,,,,,"Forest 3x3",6,2,,,,
,,,,,,,,,,,,,,"Forest 3x3",5,5,,,,
,,,,,,,,,,,,,,"Forest 3x3",2,8,,,,
,,,,,,,,,,,,,,"Forest 3x3",0,11,,,,
,,,,,,,,,,,,,,"Forest 2x2",0,14,,,,
,,,,,,,,,,,,,,"Tree 1",6,8,,,,
,,,,,,,,,,,,,,"Tree 2",9,3,,,,
,,,,,,,,,,,,,,"Tree 2",3,11,,,,
,,,,,,,,,,,,,,"Tree 3",12,1,,,,
,,,,,,,,,,,,,,"Tree 3",8,5,,,,
,,,,,,,,,,,,,,"Tree 3",2,14,,,,
"BoneYard_DecoPillars1","TID_DECO_RUIN_RUINED_PILLARS","TID_DECO_RUIN_DESC","CapitalResource",18000,2,,,,,,,,,"Pillar 02",0,3,,,"Stone Pickup","TRUE"
,,,,,,,,,,,,,,"Pillar 02",3,3,,,,
,,,,,,,,,,,,,,"Pillar 02",4,1,,,,
,,,,,,,,,,,,,,"Tree 2",6,0,,,,
,,,,,,,,,,,,,,"Tree 2",2,4,,,,
,,,,,,,,,,,,,,"Tree 2",5,4,,,,
,,,,,,,,,,,,,,"Tree 2",5,5,,,,
,,,,,,,,,,,,,,"Fallen Tree 1",6,3,,,,
,,,,,,,,,,,,,,"Fallen Tree 1",1,5,,,,
"BoneYard_Tombs1","TID_DECO_RUIN_OLD_TOMBS","TID_DECO_RUIN_DESC","CapitalResource",14000,1,,,,,,,,,"Tomb",0,0,,,"Basic Turret Pickup","TRUE"
,,,,,,,,,,,,,,"Tomb 2",0,1,,,,
,,,,,,,,,,,,,,"Tomb 3",0,2,,,,
,,,,,,,,,,,,,,"Tomb",0,3,,,,
,,,,,,,,,,,,,,"Tomb 2",0,4,,,,
,,,,,,,,,,,,,,"Tomb 3",0,5,,,,
,,,,,,,,,,,,,,"Tomb",0,6,,,,
,,,,,,,,,,,,,,"Tomb 2",0,9,,,,
,,,,,,,,,,,,,,"Tomb 3",0,10,,,,
,,,,,,,,,,,,,,"Tomb",0,11,,,,
,,,,,,,,,,,,,,"Tomb 2",0,12,,,,
,,,,,,,,,,,,,,"Tomb 3",0,13,,,,
,,,,,,,,,,,,,,"Tomb",0,14,,,,
,,,,,,,,,,,,,,"Tomb 2",0,15,,,,
,,,,,,,,,,,,,,"Tomb 3",2,0,,,,
,,,,,,,,,,,,,,"Tomb",2,4,,,,
,,,,,,,,,,,,,,"Tomb 2",2,5,,,,
,,,,,,,,,,,,,,"Tomb 3",2,9,,,,
,,,,,,,,,,,,,,"Tomb",2,10,,,,
,,,,,,,,,,,,,,"Tomb 2",2,11,,,,
,,,,,,,,,,,,,,"Tomb 3",2,14,,,,
,,,,,,,,,,,,,,"Tomb",2,15,,,,
,,,,,,,,,,,,,,"Tomb 2",4,0,,,,
,,,,,,,,,,,,,,"Tomb 3",6,0,,,,
,,,,,,,,,,,,,,"Tomb",6,3,,,,
,,,,,,,,,,,,,,"Tomb 2",6,4,,,,
,,,,,,,,,,,,,,"Tomb 3",6,11,,,,
,,,,,,,,,,,,,,"Tomb",6,15,,,,
"BoneYard_Tombs2","TID_DECO_RUIN_OLD_TOMBS","TID_DECO_RUIN_DESC","CapitalResource",17500,2,,,,,,,,,"Tomb 2",0,0,,,"Basic Turret Pickup","TRUE"
,,,,,,,,,,,,,,"Tomb 3",0,1,,,,
,,,,,,,,,,,,,,"Tomb",0,2,,,,
,,,,,,,,,,,,,,"Tomb 2",0,3,,,,
,,,,,,,,,,,,,,"Tomb 3",0,4,,,,
,,,,,,,,,,,,,,"Tomb",0,5,,,,
,,,,,,,,,,,,,,"Tomb 2",0,6,,,,
,,,,,,,,,,,,,,"Tomb 3",2,0,,,,
,,,,,,,,,,,,,,"Tomb",2,3,,,,
,,,,,,,,,,,,,,"Tomb 2",2,6,,,,
,,,,,,,,,,,,,,"Tomb 3",5,9,,,,
,,,,,,,,,,,,,,"Tomb",5,10,,,,
,,,,,,,,,,,,,,"Tomb 2",5,11,,,,
,,,,,,,,,,,,,,"Tomb 3",7,0,,,,
,,,,,,,,,,,,,,"Tomb",7,1,,,,
,,,,,,,,,,,,,,"Tomb 2",7,2,,,,
,,,,,,,,,,,,,,"Tomb 3",7,3,,,,
,,,,,,,,,,,,,,"Tomb",7,9,,,,
,,,,,,,,,,,,,,"Tomb 2",7,10,,,,
,,,,,,,,,,,,,,"Tomb 3",7,11,,,,
,,,,,,,,,,,,,,"Tomb",9,0,,,,
,,,,,,,,,,,,,,"Tomb 2",9,1,,,,
,,,,,,,,,,,,,,"Tomb 3",9,9,,,,
,,,,,,,,,,,,,,"Tomb",9,12,,,,
,,,,,,,,,,,,,,"Tomb 2",9,13,,,,
,,,,,,,,,,,,,,"Tomb 3",9,14,,,,
,,,,,,,,,,,,,,"Tomb",11,0,,,,
,,,,,,,,,,,,,,"Tomb 2",11,1,,,,
,,,,,,,,,,,,,,"Tomb 3",11,2,,,,
,,,,,,,,,,,,,,"Tomb",11,3,,,,
,,,,,,,,,,,,,,"Tomb 2",11,4,,,,
,,,,,,,,,,,,,,"Tomb 3",11,9,,,,
,,,,,,,,,,,,,,"Tomb",11,12,,,,
,,,,,,,,,,,,,,"Tomb 2",11,13,,,,
,,,,,,,,,,,,,,"Tomb 3",11,14,,,,
"BoneYard_Tombs3","TID_DECO_RUIN_OLD_TOMBS","TID_DECO_RUIN_DESC","CapitalResource",20500,3,,,,,,,,,"Tomb",0,1,,,"Basic Turret Pickup","TRUE"
,,,,,,,,,,,,,,"Tomb 2",0,2,,,,
,,,,,,,,,,,,,,"Tomb 3",0,3,,,,
,,,,,,,,,,,,,,"Tomb",0,6,,,,
,,,,,,,,,,,,,,"Tomb 2",0,7,,,,
,,,,,,,,,,,,,,"Tomb 3",0,8,,,,
,,,,,,,,,,,,,,"Tomb",0,9,,,,
,,,,,,,,,,,,,,"Tomb 2",0,10,,,,
,,,,,,,,,,,,,,"Tomb 3",0,11,,,,
,,,,,,,,,,,,,,"Tomb",2,0,,,,
,,,,,,,,,,,,,,"Tomb 2",2,3,,,,
,,,,,,,,,,,,,,"Tomb 3",2,6,,,,
,,,,,,,,,,,,,,"Tomb",2,9,,,,
,,,,,,,,,,,,,,"Tomb 2",2,10,,,,
,,,,,,,,,,,,,,"Tomb 3",2,11,,,,
,,,,,,,,,,,,,,"Tomb",4,2,,,,
,,,,,,,,,,,,,,"Tomb 2",4,3,,,,
,,,,,,,,,,,,,,"Tomb 3",4,6,,,,
,,,,,,,,,,,,,,"Tomb",4,7,,,,
,,,,,,,,,,,,,,"Tomb 2",4,8,,,,
,,,,,,,,,,,,,,"Tomb 3",4,9,,,,
,,,,,,,,,,,,,,"Tomb",4,10,,,,
,,,,,,,,,,,,,,"Tomb 2",4,11,,,,
,,,,,,,,,,,,,,"Tomb 3",6,10,,,,
,,,,,,,,,,,,,,"Tomb",6,11,,,,
,,,,,,,,,,,,,,"Tomb 2",8,2,,,,
,,,,,,,,,,,,,,"Tomb 3",8,3,,,,
,,,,,,,,,,,,,,"Tomb",8,10,,,,
,,,,,,,,,,,,,,"Tomb 2",8,11,,,,
,,,,,,,,,,,,,,"Tomb 3",10,0,,,,
,,,,,,,,,,,,,,"Tomb",10,1,,,,
,,,,,,,,,,,,,,"Tomb 2",10,9,,,,
,,,,,,,,,,,,,,"Tomb 3",10,10,,,,
,,,,,,,,,,,,,,"Tomb",10,11,,,,
,,,,,,,,,,,,,,"Tomb 2",12,0,,,,
,,,,,,,,,,,,,,"Tomb 3",12,2,,,,
,,,,,,,,,,,,,,"Tomb",12,3,,,,
,,,,,,,,,,,,,,"Tomb 2",12,8,,,,
,,,,,,,,,,,,,,"Tomb 3",12,9,,,,
,,,,,,,,,,,,,,"Tomb",12,10,,,,
,,,,,,,,,,,,,,"Tomb 2",12,11,,,,
"Deco Tomb","TID_OBSTACLE_TOMBSTONE","TID_DECO_RUIN_DESC","CapitalResource",500,1,,,,,,,,,"Tomb",0,0,,,"Generic Pick Up",
"Deco Tomb 2","TID_OBSTACLE_TOMBSTONE","TID_DECO_RUIN_DESC","CapitalResource",500,1,,,,,,,,,"Tomb 2",0,0,,,"Generic Pick Up",
"Deco Tomb 3","TID_OBSTACLE_TOMBSTONE","TID_DECO_RUIN_DESC","CapitalResource",500,1,,,,,,,,,"Tomb 3",0,0,,,"Generic Pick Up",
"GoblinMines_Level1_Buildings_1","TID_RUINS","TID_RUIN_DESC","CapitalResource",5500,1,"Goblin Post",1,2,0,"Log Trap",1,0,2,,,,,,"Basic Turret Pickup","TRUE"
,,,,,,"Goblin Post",1,2,3,,,,,,,,,,,
,,,,,,"Spear Thrower",1,1,5,,,,,,,,,,,
"GoblinMines_Level1_Buildings_2","TID_RUINS","TID_RUIN_DESC","CapitalResource",16000,1,"Goblin Thrower",1,0,0,,,,,,,,,,"Basic Turret Pickup","TRUE"
"GoblinMines_Level1_Buildings_3","TID_RUINS","TID_RUIN_DESC","CapitalResource",13000,1,"Multi Mortar",1,0,0,"Spear Trap",1,2,1,"Fireplace",2,5,,,"Basic Turret Pickup","TRUE"
,,,,,,"Air Defense",1,4,1,,,,,,,,,,,
,,,,,,"Goblin Post",1,0,4,,,,,,,,,,,
,,,,,,"Goblin Post",1,2,3,,,,,,,,,,,
,,,,,,"Goblin Hut",1,4,4,,,,,,,,,,,
"GoblinMines_Level1_Buildings_4","TID_RUINS_BARRACKS","TID_RUIN_DESC","CapitalResource",17500,1,"Super Miner Barracks",1,0,0,,,,,,,,,,"Basic Turret Pickup","TRUE"
"GoblinMines_Level1_Buildings_5","TID_RUINS","TID_RUIN_DESC","CapitalResource",2000,1,"Goblin Hut",1,0,0,"Mine",1,1,5,"Fireplace",1,2,,,"Basic Turret Pickup","TRUE"
,,,,,,"Goblin Hut",1,0,3,,,,,,,,,,,
"GoblinMines_Level1_Buildings_6","TID_RUINS","TID_RUIN_DESC","CapitalResource",2000,1,"Goblin Hall",1,0,1,"Mine",1,1,0,,,,,,"Basic Turret Pickup","TRUE"
"GoblinMines_Level1_Buildings_7","TID_RUINS","TID_RUIN_DESC","CapitalResource",2500,1,"Goblin Post",1,3,0,"Mega Mine",1,1,0,"Fireplace",0,1,,,"Basic Turret Pickup","TRUE"
"GoblinMines_Level1_Buildings_8","TID_RUINS","TID_RUIN_DESC","CapitalResource",4500,1,"Goblin Hut",1,0,0,"Mine",1,2,0,,,,,,"Basic Turret Pickup","TRUE"
,,,,,,"Spear Thrower",1,3,1,,,,,,,,,,,
"GoblinMines_Level1_Buildings_9","TID_RUINS","TID_RUIN_DESC","CapitalResource",10000,1,"Multi Cannon",1,0,0,,,,,,,,,,"Basic Turret Pickup","TRUE"
,,,,,,"Air Bombs",1,0,2,,,,,,,,,,,
"GoblinMines_Level1_Buildings_10","TID_RUINS","TID_RUIN_DESC","CapitalResource",1500,1,"Goblin Hut",1,3,0,,,,,"Fireplace",4,3,,,"Basic Turret Pickup","TRUE"
,,,,,,"Goblin Post",1,0,3,,,,,,,,,,,
,,,,,,"Goblin Hut",1,2,3,,,,,,,,,,,
"GoblinMines_Level1_Buildings_11","TID_RUINS","TID_RUIN_DESC","CapitalResource",24500,1,"Goblin Thrower",1,0,0,"Spear Trap",1,3,2,,,,,,"Basic Turret Pickup","TRUE"
,,,,,,"Rapid Rockets",1,1,3,,,,,,,,,,,
"GoblinMines_Level2_Buildings_1","TID_RUINS","TID_RUIN_DESC","CapitalResource",20000,2,"Spear Thrower",1,2,0,,,,,,,,,,"Basic Turret Pickup","TRUE"
,,,,,,"Crusher",1,1,2,,,,,,,,,,,
,,,,,,"Mega Tesla",1,0,4,,,,,,,,,,,
,,,,,,"Air Bombs",1,2,5,,,,,,,,,,,
"GoblinMines_Level2_Buildings_2","TID_RUINS","TID_RUIN_DESC","CapitalResource",18500,2,"Rapid Rockets",1,0,1,,,,,,,,,,"Basic Turret Pickup","TRUE"
,,,,,,"Reflector",1,2,0,,,,,,,,,,,
,,,,,,"Rapid Rockets",1,4,1,,,,,,,,,,,
"GoblinMines_Level2_Buildings_3","TID_RUINS","TID_RUIN_DESC","CapitalResource",5000,2,"Cannon",1,0,0,,,,,,,,"Wall",1,"Basic Turret Pickup","TRUE"
,,,,,,"Cannon",1,2,0,,,,,,,,,,,
"GoblinMines_Level2_Buildings_4","TID_RUINS_SPELL_FACTORY","TID_RUIN_DESC","CapitalResource",25000,2,"Endless Haste Spell Factory",1,0,0,,,,,,,,,,"Basic Turret Pickup","TRUE"
"GoblinMines_Level2_Buildings_5","TID_RUINS_BARRACKS","TID_RUIN_DESC","CapitalResource",37500,2,"Mega Sparky Barracks",1,0,0,,,,,,,,,,"Basic Turret Pickup","TRUE"
"GoblinMines_Level2_Buildings_6","TID_RUINS","TID_RUIN_DESC","CapitalResource",7500,2,"Multi Mortar",1,1,0,"Zap Trap",1,0,1,,,,"Wall",1,"Basic Turret Pickup","TRUE"
"GoblinMines_Level2_Buildings_7","TID_RUINS","TID_RUIN_DESC","CapitalResource",16500,2,"Giant Cannon",1,0,0,,,,,,,,,,"Basic Turret Pickup","TRUE"
,,,,,,"Super Wizard Tower",1,1,3,,,,,,,,,,,
"GoblinMines_Level2_Traps_1","TID_RUINS","TID_RUIN_DESC","CapitalResource",5000,2,,,,,"Spear Trap",1,0,0,,,,,,"Basic Turret Pickup","TRUE"
,,,,,,,,,,"Mega Mine",1,0,2,,,,,,,
"GoblinMines_Level3_Buildings_1","TID_RUINS","TID_RUIN_DESC","CapitalResource",23000,3,"Mini-Minion Hive",1,0,0,"Zap Trap",1,0,3,,,,"Wall",1,"Basic Turret Pickup","TRUE"
,,,,,,,,,,"Spear Trap",1,1,3,,,,,,,
"GoblinMines_Level3_Buildings_2","TID_RUINS","TID_RUIN_DESC","CapitalResource",17000,3,"Inferno Tower",1,0,0,"Mega Mine",1,1,3,,,,,,"Basic Turret Pickup","TRUE"
"GoblinMines_Level3_Buildings_3","TID_RUINS","TID_RUIN_DESC","CapitalResource",16000,3,"Rapid Rockets",1,0,0,,,,,,,,,,"Basic Turret Pickup","TRUE"
,,,,,,"Rapid Rockets",1,2,0,,,,,,,,,,,
,,,,,,"Cannon",1,4,0,,,,,,,,,,,
,,,,,,"Cannon",1,6,0,,,,,,,,,,,
"GoblinMines_Level3_Buildings_4","TID_RUINS","TID_RUIN_DESC","CapitalResource",16500,3,"Multi Mortar",1,0,0,,,,,,,,,,"Basic Turret Pickup","TRUE"
,,,,,,"Crusher",1,0,2,,,,,,,,,,,
,,,,,,"Reflector",1,0,4,,,,,,,,,,,
"GoblinMines_Level3_Buildings_5","TID_RUINS","TID_RUIN_DESC","CapitalResource",16000,3,"Goblin Thrower",1,0,0,,,,,,,,,,"Basic Turret Pickup","TRUE"
"GoblinMines_Level3_Buildings_6","TID_RUINS","TID_RUIN_DESC","CapitalResource",17500,3,"Bomb Tower",1,2,0,,,,,,,,,,"Basic Turret Pickup","TRUE"
,,,,,,"Spear Thrower",1,0,2,,,,,,,,,,,
,,,,,,"Air Defense",1,2,2,,,,,,,,,,,
,,,,,,"Super Wizard Tower",1,1,4,,,,,,,,,,,
"GoblinMines_Level4_Buildings_1","TID_RUINS","TID_RUIN_DESC","CapitalResource",17500,4,"Mega Tesla",1,0,1,,,,,,,,,,"Basic Turret Pickup","TRUE"
,,,,,,"Spear Thrower",1,2,0,,,,,,,,,,,
,,,,,,"Reflector",1,4,1,,,,,,,,,,,
"GoblinMines_Level4_Buildings_2","TID_RUINS","TID_RUIN_DESC","CapitalResource",20000,4,"Blast Bow",1,0,0,,,,,,,,"Wall",1,"Basic Turret Pickup","TRUE"
"GoblinMines_Level4_Buildings_3","TID_RUINS","TID_RUIN_DESC","CapitalResource",5000,4,"Cannon",1,0,0,,,,,,,,,,"Basic Turret Pickup","TRUE"
,,,,,,"Cannon",1,1,2,,,,,,,,,,,
"GoblinMines_Level4_Buildings_4","TID_RUINS","TID_RUIN_DESC","CapitalResource",20000,4,"Mega Tesla",1,0,0,,,,,,,,,,"Basic Turret Pickup","TRUE"
,,,,,,"Reflector",1,2,1,,,,,,,,,,,
,,,,,,"Rapid Rockets",1,0,2,,,,,,,,,,,
"GoblinMines_Level4_Buildings_5","TID_RUINS","TID_RUIN_DESC","CapitalResource",10500,4,"Rapid Rockets",1,1,0,,,,,,,,,,"Basic Turret Pickup","TRUE"
,,,,,,"Multi Mortar",1,0,2,,,,,,,,,,,
"GoblinMines_Level4_Traps_1","TID_RUINS","TID_RUIN_DESC","CapitalResource",5500,4,,,,,"Log Trap",1,0,0,,,,,,"Basic Turret Pickup","TRUE"
,,,,,,,,,,"Spear Trap",1,0,2,,,,,,,
,,,,,,,,,,"Mine",1,2,2,,,,,,,
"GoblinMines_Level5_Buildings_1","TID_RUINS","TID_RUIN_DESC","CapitalResource",22000,5,"Cannon",1,0,0,,,,,,,,,,"Basic Turret Pickup","TRUE"
,,,,,,"Air Defense",1,2,2,,,,,,,,,,,
,,,,,,"Goblin Thrower",1,4,0,,,,,,,,,,,
"Deco Mining Cart","TID_DECO_MINE_CART","TID_DECO_RUIN_DESC","CapitalResource",5000,1,,,,,,,,,"Mining Cart",0,0,,,"Generic Pick Up",
"Deco Mining Cart a","TID_DECO_MINE_CART","TID_DECO_RUIN_DESC","CapitalResource",5000,1,,,,,,,,,"Mining Cart a",0,0,,,"Generic Pick Up",
"Deco Goblin King Statue","TID_DECO_GOBLIN_KING_STATUE","TID_DECO_RUIN_DESC","CapitalResource",20000,1,,,,,,,,,"Goblin King Statue",0,0,,,"Mortar Pickup",
"GoblinMines_DecoForest1","TID_DECO_RUIN_LARGE_FOREST","TID_DECO_RUIN_DESC","CapitalResource",6500,1,,,,,,,,,"Forest 3x3",0,0,,,"Tree Pickup",
,,,,,,,,,,,,,,"Tree 1",3,0,,,,
,,,,,,,,,,,,,,"Tree 3",0,4,,,,
,,,,,,,,,,,,,,"Tree 2",1,4,,,,
,,,,,,,,,,,,,,"Tree 3",2,4,,,,
,,,,,,,,,,,,,,"Tree 1",0,5,,,,
"GoblinMines_DecoForest2","TID_DECO_RUIN_CLIFFSIDE_FOREST","TID_DECO_RUIN_DESC","CapitalResource",3000,1,,,,,,,,,"Tree 1",3,0,,,"Tree Pickup",
,,,,,,,,,,,,,,"Forest 2x2",0,1,,,,
,,,,,,,,,,,,,,"Tree 3",2,1,,,,
"GoblinMines_DecoForest3","TID_DECO_RUIN_CLIFFSIDE_FOREST","TID_DECO_RUIN_DESC","CapitalResource",10000,1,,,,,,,,,"Tree 1",1,1,,,"Tree Pickup",
,,,,,,,,,,,,,,"Tree 2",1,2,,,,
,,,,,,,,,,,,,,"Forest 2x2",2,0,,,,
,,,,,,,,,,,,,,"Tree 2",4,0,,,,
,,,,,,,,,,,,,,"Forest 2x2",1,3,,,,
,,,,,,,,,,,,,,"Forest 3x3",0,5,,,,
,,,,,,,,,,,,,,"Tree 3",3,5,,,,
"GoblinMines_DecoForest4","TID_DECO_RUIN_CLIFFSIDE_FOREST","TID_DECO_RUIN_DESC","CapitalResource",6000,1,,,,,,,,,"Tree 2",0,0,,,"Tree Pickup",
,,,,,,,,,,,,,,"Forest 2x2",0,1,,,,
,,,,,,,,,,,,,,"Tree 3",2,2,,,,
,,,,,,,,,,,,,,"Forest 2x2",2,3,,,,
,,,,,,,,,,,,,,"Tree 1",4,5,,,,
,,,,,,,,,,,,,,"Tree 3",4,6,,,,
"GoblinMines_DecoForest5","TID_DECO_RUIN_CLIFFSIDE_FOREST","TID_DECO_RUIN_DESC","CapitalResource",4500,1,,,,,,,,,"Forest 2x2",0,0,,,"Tree Pickup",
,,,,,,,,,,,,,,"Forest 2x2",2,0,,,,
,,,,,,,,,,,,,,"Tree 3",4,0,,,,
"GoblinMines_DecoForest6","TID_DECO_RUIN_CLIFFSIDE_FOREST","TID_DECO_RUIN_DESC","CapitalResource",6000,1,,,,,,,,,"Tree 1",0,1,,,"Tree Pickup",
,,,,,,,,,,,,,,"Tree 3",1,0,,,,
,,,,,,,,,,,,,,"Tree 1",2,0,,,,
,,,,,,,,,,,,,,"Forest 3x3",1,1,,,,
,,,,,,,,,,,,,,"Tree 2",4,4,,,,
"GoblinMines_DecoForest7","TID_DECO_RUIN_CLIFFSIDE_FOREST","TID_DECO_RUIN_DESC","CapitalResource",3500,1,,,,,,,,,"Tree 2",0,0,,,"Tree Pickup",
,,,,,,,,,,,,,,"Tree 3",0,1,,,,
,,,,,,,,,,,,,,"Forest 2x2",0,2,,,,
,,,,,,,,,,,,,,"Tree 1",0,4,,,,
"GoblinMines_DecoForest8","TID_DECO_RUIN_CLIFFSIDE_FOREST","TID_DECO_RUIN_DESC","CapitalResource",5500,1,,,,,,,,,"Tree 1",2,0,,,"Tree Pickup",
,,,,,,,,,,,,,,"Forest 2x2",1,1,,,,
,,,,,,,,,,,,,,"Tree 2",1,3,,,,
,,,,,,,,,,,,,,"Forest 2x2",0,4,,,,
,,,,,,,,,,,,,,"Tree 2",0,6,,,,
"GoblinMines_DecoForest9","TID_DECO_RUIN_CLIFFSIDE_FOREST","TID_DECO_RUIN_DESC","CapitalResource",6000,1,,,,,,,,,"Forest 2x2",0,3,,,"Tree Pickup",
,,,,,,,,,,,,,,"Tree 3",2,1,,,,
,,,,,,,,,,,,,,"Tree 1",2,2,,,,
,,,,,,,,,,,,,,"Tree 2",2,3,,,,
,,,,,,,,,,,,,,"Forest 2x2",3,0,,,,
,,,,,,,,,,,,,,"Tree 1",5,0,,,,
"GoblinMines_DecoForest10","TID_DECO_RUIN_CLIFFSIDE_FOREST","TID_DECO_RUIN_DESC","CapitalResource",8000,1,,,,,,,,,"Tree 2",0,3,,,"Tree Pickup",
,,,,,,,,,,,,,,"Tree 1",1,3,,,,
,,,,,,,,,,,,,,"Forest 2x2",3,3,,,,
,,,,,,,,,,,,,,"Tree 1",4,2,,,,
,,,,,,,,,,,,,,"Forest 2x2",5,2,,,,
,,,,,,,,,,,,,,"Tree 3",7,2,,,,
,,,,,,,,,,,,,,"Forest 2x2",8,0,,,,
"GoblinMines_DecoForest11","TID_DECO_RUIN_CLIFFSIDE_FOREST","TID_DECO_RUIN_DESC","CapitalResource",5500,1,,,,,,,,,"Tree 2",0,4,,,"Tree Pickup",
,,,,,,,,,,,,,,"Tree 1",2,2,,,,
,,,,,,,,,,,,,,"Forest 2x2",3,1,,,,
,,,,,,,,,,,,,,"Tree 1",5,1,,,,
,,,,,,,,,,,,,,"Forest 2x2",7,0,,,,
"GoblinMines_DecoForest12","TID_DECO_RUIN_CLIFFSIDE_FOREST","TID_DECO_RUIN_DESC","CapitalResource",6500,2,,,,,,,,,"Tree 3",6,0,,,"Tree Pickup",
,,,,,,,,,,,,,,"Forest 2x2",4,0,,,,
,,,,,,,,,,,,,,"Tree 1",4,2,,,,
,,,,,,,,,,,,,,"Forest 2x2",2,3,,,,
,,,,,,,,,,,,,,"Tree 1",2,5,,,,
,,,,,,,,,,,,,,"Tree 2",0,7,,,,
,,,,,,,,,,,,,,"Tree 2",0,8,,,,
"GoblinMines_DecoForest13","TID_DECO_RUIN_CLIFFSIDE_FOREST","TID_DECO_RUIN_DESC","CapitalResource",4000,1,,,,,,,,,"Tree 2",0,0,,,"Tree Pickup",
,,,,,,,,,,,,,,"Tree 3",3,0,,,,
,,,,,,,,,,,,,,"Forest 2x2",4,1,,,,
,,,,,,,,,,,,,,"Tree 1",7,4,,,,
,,,,,,,,,,,,,,"Tree 1",7,5,,,,
"GoblinMines_DecoForest14","TID_DECO_RUIN_CLIFFSIDE_FOREST","TID_DECO_RUIN_DESC","CapitalResource",3000,2,,,,,,,,,"Tree 1",0,4,,,"Tree Pickup",
,,,,,,,,,,,,,,"Forest 2x2",1,2,,,,
,,,,,,,,,,,,,,"Tree 1",5,0,,,,
"GoblinMines_DecoForest15","TID_DECO_RUIN_CLIFFSIDE_FOREST","TID_DECO_RUIN_DESC","CapitalResource",2500,2,,,,,,,,,"Forest 2x2",0,0,,,"Tree Pickup",
,,,,,,,,,,,,,,"Tree 3",2,1,,,,
"GoblinMines_DecoForest16","TID_DECO_RUIN_CLIFFSIDE_FOREST","TID_DECO_RUIN_DESC","CapitalResource",2500,2,,,,,,,,,"Forest 2x2",0,0,,,"Tree Pickup",
,,,,,,,,,,,,,,"Tree 3",0,2,,,,
"GoblinMines_DecoForest17","TID_DECO_RUIN_CLIFFSIDE_FOREST","TID_DECO_RUIN_DESC","CapitalResource",8000,2,,,,,,,,,"Tree 1",0,1,,,"Tree Pickup",
,,,,,,,,,,,,,,"Tree 2",1,1,,,,
,,,,,,,,,,,,,,"Tree 3",1,0,,,,
,,,,,,,,,,,,,,"Forest 3x3",2,0,,,,
,,,,,,,,,,,,,,"Tree 1",4,3,,,,
,,,,,,,,,,,,,,"Forest 2x2",5,2,,,,
