"Name","TaskType","ProgressType","Set","TID","InfoTID","IconSWF","IconExportName","Score","DurationMinutes","Quantity","Quantity2","Data1","Data2","SelectionWeight","ReviveCost","Disabled"
"String","String","String","String","String","String","String","String","int","int","int","int","String","String","int","int","boolean"
"DestroyEagleArtillery","DestroyBuilding","Accumulative","Regular","TID_CLANGAMES_TASK_DESTROY_EAGLEARTILLERY","TID_CLANGAMES_TASK_INFO_DESTROY_EAGLEARTILLERY","sc/buildings.sc","doom_cannon_lvl2",125,480,2,,"Ancient Artillery",,27,10,
"DestroyElixirPumps","DestroyBuilding","Accumulative","Regular","TID_CLANGAMES_TASK_DESTROY_ELIXIRPUMPS","TID_CLANGAMES_TASK_INFO_DESTROY_ELIXIRPUMPS","sc/buildings.sc","elixir_pump_lvl6",100,480,8,,"Elixir Pump",,27,10,
"DestroyGoldMines","DestroyBuilding","Accumulative","Regular","TID_CLANGAMES_TASK_DESTROY_GOLDMINES","TID_CLANGAMES_TASK_INFO_DESTROY_GOLDMINES","sc/buildings.sc","goldmine_lvl6",100,480,8,,"Gold Mine",,27,10,
"DestroyElixirStorages","DestroyBuilding","Accumulative","Regular","TID_CLANGAMES_TASK_DESTROY_ELIXIRSTORAGES","TID_CLANGAMES_TASK_INFO_DESTROY_ELIXIRSTORAGES","sc/buildings.sc","elixir_storage_level6",100,480,6,,"Elixir Storage",,27,10,
"DestroyGoldStorages","DestroyBuilding","Accumulative","Regular","TID_CLANGAMES_TASK_DESTROY_GOLDSTORAGES","TID_CLANGAMES_TASK_INFO_DESTROY_GOLDSTORAGES","sc/buildings.sc","gold_storage_lvl6",100,480,6,,"Gold Storage",,27,10,
"DestroyMortars","DestroyBuilding","Accumulative","Regular","TID_CLANGAMES_TASK_DESTROY_MORTARS","TID_CLANGAMES_TASK_INFO_DESTROY_MORTARS","sc/buildings.sc","mortar_lvl4",100,480,4,,"Mortar",,27,10,
"DestroyWizardTowers","DestroyBuilding","Accumulative","Regular","TID_CLANGAMES_TASK_DESTROY_WIZARDTOWERS","TID_CLANGAMES_TASK_INFO_DESTROY_WIZARDTOWERS","sc/buildings.sc","wizard_tower_lvl4",100,480,6,,"Wizard Tower",,27,10,
"DestroyCannons","DestroyBuilding","Accumulative","Regular","TID_CLANGAMES_TASK_DESTROY_CANNONS","TID_CLANGAMES_TASK_INFO_DESTROY_CANNONS","sc/buildings.sc","basic_turret_lvl7",100,480,10,,"Cannon",,27,10,
"DestroyArcherTowers","DestroyBuilding","Accumulative","Regular","TID_CLANGAMES_TASK_DESTROY_ARCHERTOWERS","TID_CLANGAMES_TASK_INFO_DESTROY_ARCHERTOWERS","sc/buildings.sc","tower_turret_lvl3",100,480,8,,"Archer Tower",,27,10,
"DestroyDarkElixirPumps","DestroyBuilding","Accumulative","Regular","TID_CLANGAMES_TASK_DESTROY_DARKELIXIRPUMPS","TID_CLANGAMES_TASK_INFO_DESTROY_DARKELIXIRPUMPS","sc/buildings.sc","darkelixir_pump_lvl4",100,480,4,,"Dark Elixir Pump",,27,10,
"DestroyDarkElixirStorages","DestroyBuilding","Accumulative","Regular","TID_CLANGAMES_TASK_DESTROY_DARKELIXIRSTORAGES","TID_CLANGAMES_TASK_INFO_DESTROY_DARKELIXIRSTORAGES","sc/buildings.sc","darkelixir_storage_level3",100,480,2,,"Dark Elixir Storage",,27,10,
"DestroyClanCastles","DestroyBuilding","Accumulative","Regular","TID_CLANGAMES_TASK_DESTROY_CLANCASTLES","TID_CLANGAMES_TASK_INFO_DESTROY_CLANCASTLES","sc/buildings.sc","alliance_castle_lvl2",100,480,2,,"Alliance Castle",,27,10,
"DestroyLaboratories","DestroyBuilding","Accumulative","Regular","TID_CLANGAMES_TASK_DESTROY_LABORATORIES","TID_CLANGAMES_TASK_INFO_DESTROY_LABORATORIES","sc/buildings.sc","laboratory_lvl6",75,480,2,,"Laboratory",,11,5,
"DestroySpellFactories","DestroyBuilding","Accumulative","Regular","TID_CLANGAMES_TASK_DESTROY_SPELLFACTORIES","TID_CLANGAMES_TASK_INFO_DESTROY_SPELLFACTORIES","sc/buildings.sc","spell_factory_lvl3",75,480,2,,"Spell Forge",,11,5,
"DestroyDarkSpellFactories","DestroyBuilding","Accumulative","Regular","TID_CLANGAMES_TASK_DESTROY_DARKSPELLFACTORIES","TID_CLANGAMES_TASK_INFO_DESTROY_DARKSPELLFACTORIES","sc/buildings.sc","mini_spell_distillery_lvl1",75,480,2,,"Mini Spell Factory",,11,5,
"DestroyAirSweepers","DestroyBuilding","Accumulative","Regular","TID_CLANGAMES_TASK_DESTROY_AIRSWEEPERS","TID_CLANGAMES_TASK_INFO_DESTROY_AIRSWEEPERS","sc/buildings.sc","air_mortar_lvl2",100,480,2,,"Air Blaster",,27,10,
"DestroyAirDefenses","DestroyBuilding","Accumulative","Regular","TID_CLANGAMES_TASK_DESTROY_AIRDEFENSES","TID_CLANGAMES_TASK_INFO_DESTROY_AIRDEFENSES","sc/buildings.sc","fireworks_tower_lvl6",100,480,4,,"Air Defense",,27,10,
"DestroyInfernoTowers","DestroyBuilding","Accumulative","Regular","TID_CLANGAMES_TASK_DESTROY_INFERNOTOWERS","TID_CLANGAMES_TASK_INFO_DESTROY_INFERNOTOWERS","sc/buildings.sc","dark_tower_lvl2",125,480,2,,"Dark Tower",,27,10,
"DestroyBombTowers","DestroyBuilding","Accumulative","Regular","TID_CLANGAMES_TASK_DESTROY_BOMBTOWERS","TID_CLANGAMES_TASK_INFO_DESTROY_BOMBTOWERS","sc/buildings.sc","bomb_tower_lvl1",100,480,2,,"Bomb Tower",,27,10,
"DestroyTeslaTowers","DestroyBuilding","Accumulative","Regular","TID_CLANGAMES_TASK_DESTROY_TESLATOWERS","TID_CLANGAMES_TASK_INFO_DESTROY_TESLATOWERS","sc/buildings.sc","teslatower_lvl5_setup",100,480,4,,"Tesla Tower",,27,10,
"DestroyXbows","DestroyBuilding","Accumulative","Regular","TID_CLANGAMES_TASK_DESTROY_XBOWS","TID_CLANGAMES_TASK_INFO_DESTROY_XBOWS","sc/buildings.sc","rapidfire_turret_lvl1",125,480,4,,"Bow",,27,10,
"DestroyKingAltars","DestroyBuilding","Accumulative","Regular","TID_CLANGAMES_TASK_DESTROY_KINGALTARS","TID_CLANGAMES_TASK_INFO_DESTROY_KINGALTARS","sc/buildings.sc","heroaltar_barbarian_king_lvl1",75,480,2,,"Hero Altar Barbarian King",,11,5,
"DestroyQueenAltars","DestroyBuilding","Accumulative","Regular","TID_CLANGAMES_TASK_DESTROY_QUEENALTARS","TID_CLANGAMES_TASK_INFO_DESTROY_QUEENALTARS","sc/buildings.sc","heroaltar_archer_queen_lvl1",75,480,2,,"Hero Altar Archer Queen",,11,5,
"DestroyWardenAltars","DestroyBuilding","Accumulative","Regular","TID_CLANGAMES_TASK_DESTROY_WARDENALTARS","TID_CLANGAMES_TASK_INFO_DESTROY_WARDENALTARS","sc/buildings.sc","heroaltar_elder_lvl1",75,480,2,,"Hero Altar Grand Warden",,11,5,
"WinHomeBattles","WinHomeBattles","Accumulative","Regular","TID_CLANGAMES_TASK_WIN_HOMEBATTLES","TID_CLANGAMES_TASK_INFO_WIN_HOMEBATTLES","sc/ui.sc","Home_Win_Battles_Icon",100,480,2,,,,72,10,
"WinHomeBattles3Stars","WinHomeBattles3Stars","Accumulative","Regular","TID_CLANGAMES_TASK_WIN_HOMEBATTLES3STARS","TID_CLANGAMES_TASK_INFO_WIN_HOMEBATTLES3STARS","sc/ui.sc","Home_Get_3Stars_Icon",200,480,1,,,,72,20,
"GetHomeBattleStars","GetHomeBattleStars","Accumulative","Regular","TID_CLANGAMES_TASK_GET_HOMEBATTLESTARS","TID_CLANGAMES_TASK_INFO_GET_HOMEBATTLESTARS","sc/ui.sc","Home_Collect_Stars_Icon",100,480,3,,,,180,10,
"GetHomeBattleDestruction","GetHomeBattleDestruction","Accumulative","Regular","TID_CLANGAMES_TASK_GET_HOMEBATTLEDESTRUCTION","TID_CLANGAMES_TASK_INFO_GET_HOMEBATTLEDESTRUCTION","sc/ui.sc","Home_Get_Desturction_Icon",100,480,100,,,,180,10,
"LootGold","LootResources","Accumulative","Regular","TID_CLANGAMES_TASK_LOOT_GOLD","TID_CLANGAMES_TASK_INFO_LOOT_GOLD","sc/ui.sc","Home_Loot_Gold",125,480,500000,,"Gold",,90,10,
"LootElixir","LootResources","Accumulative","Regular","TID_CLANGAMES_TASK_LOOT_ELIXIR","TID_CLANGAMES_TASK_INFO_LOOT_ELIXIR","sc/ui.sc","Home_Loot_Elixir",125,480,500000,,"Elixir",,90,10,
"LootDarkElixir","LootResources","Accumulative","Regular","TID_CLANGAMES_TASK_LOOT_DARKELIXIR","TID_CLANGAMES_TASK_INFO_LOOT_DARKELIXIR","sc/ui.sc","Home_Loot_DarkElixir",125,480,5000,,"DarkElixir",,60,10,
"DonateTroops","DonateTroopCapacity","Accumulative","Regular","TID_CLANGAMES_TASK_DONATE_TROOPS","TID_CLANGAMES_TASK_INFO_DONATE_TROOPS","sc/ui.sc","Home_Donate_Troops",50,480,100,,,,180,5,
"DonateSpells","DonateSpellCapacity","Accumulative","Regular","TID_CLANGAMES_TASK_DONATE_SPELLS","TID_CLANGAMES_TASK_INFO_DONATE_SPELLS","sc/ui.sc","Home_Donate_Spells",50,480,5,,,,180,5,
"ClearObstacles","ClearObstacles","Accumulative","Regular","TID_CLANGAMES_TASK_CLEAR_OBSTACLES","TID_CLANGAMES_TASK_INFO_CLEAR_OBSTACLES","sc/ui.sc","Home_Clear_Obstacles",50,480,5,,,,180,5,
"WinHomeBattlesInRow","WinHomeBattles","Consecutive","Regular","TID_CLANGAMES_TASK_WIN_HOMEBATTLESINROW","TID_CLANGAMES_TASK_INFO_WIN_HOMEBATTLESINROW","sc/ui.sc","Home_Win_Battles_Icon",200,480,2,,,,48,20,
"BeatDarkElixirTarget","LootResources","Best","Regular","TID_CLANGAMES_TASK_BEAT_DARKELIXIRTARGET","TID_CLANGAMES_TASK_INFO_BEAT_DARKELIXIRTARGET","sc/ui.sc","Home_Get_DarkElixirtarget",100,480,2000,,"DarkElixir",,60,10,
"BeatGoldTarget","LootResources","Best","Regular","TID_CLANGAMES_TASK_BEAT_GOLDTARGET","TID_CLANGAMES_TASK_INFO_BEAT_GOLDTARGET","sc/ui.sc","Home_Get_Goldtarget",100,480,200000,,"Gold",,60,10,
"BeatElixirTarget","LootResources","Best","Regular","TID_CLANGAMES_TASK_BEAT_ELIXIRTARGET","TID_CLANGAMES_TASK_INFO_BEAT_ELIXIRTARGET","sc/ui.sc","Home_Get_Elixirtarget",100,480,200000,,"Elixir",,60,10,
"UseBarbarians","WinStarsUsingTroop","Accumulative","Regular","TID_CLANGAMES_TASK_USE_BARBARIANS","TID_CLANGAMES_TASK_INFO_USE_BARBARIANS","sc/ui.sc","icon_unit_barbarian",100,480,3,30,"Barbarian",,36,10,
"UseArchers","WinStarsUsingTroop","Accumulative","Regular","TID_CLANGAMES_TASK_USE_ARCHERS","TID_CLANGAMES_TASK_INFO_USE_ARCHERS","sc/ui.sc","icon_unit_archer",100,480,3,30,"Archer",,36,10,
"UseGoblins","WinStarsUsingTroop","Accumulative","Regular","TID_CLANGAMES_TASK_USE_GOBLINS","TID_CLANGAMES_TASK_INFO_USE_GOBLINS","sc/ui.sc","icon_unit_goblin",100,480,3,20,"Goblin",,36,10,
"UseGiants","WinStarsUsingTroop","Accumulative","Regular","TID_CLANGAMES_TASK_USE_GIANTS","TID_CLANGAMES_TASK_INFO_USE_GIANTS","sc/ui.sc","icon_unit_giant",100,480,3,10,"Giant",,36,10,
"UseWallBreakers","WinStarsUsingTroop","Accumulative","Regular","TID_CLANGAMES_TASK_USE_WALLBREAKERS","TID_CLANGAMES_TASK_INFO_USE_WALLBREAKERS","sc/ui.sc","icon_unit_wallbreaker",100,480,3,6,"Wall Breaker",,36,10,
"UseLoons","WinStarsUsingTroop","Accumulative","Regular","TID_CLANGAMES_TASK_USE_LOONS","TID_CLANGAMES_TASK_INFO_USE_LOONS","sc/ui.sc","icon_unit_balloon",100,480,3,12,"Balloon",,36,10,
"UseWizards","WinStarsUsingTroop","Accumulative","Regular","TID_CLANGAMES_TASK_USE_WIZARDS","TID_CLANGAMES_TASK_INFO_USE_WIZARDS","sc/ui.sc","icon_unit_wizard",100,480,3,12,"Wizard",,36,10,
"UseHealers","WinStarsUsingTroop","Accumulative","Regular","TID_CLANGAMES_TASK_USE_HEALERS","TID_CLANGAMES_TASK_INFO_USE_HEALERS","sc/ui.sc","icon_unit_healer",100,480,3,3,"Healer",,36,10,
"UseMinions","WinStarsUsingTroop","Accumulative","Regular","TID_CLANGAMES_TASK_USE_MINIONS","TID_CLANGAMES_TASK_INFO_USE_MINIONS","sc/ui.sc","icon_unit_gargoyle",100,480,3,20,"Gargoyle",,36,10,
"UseHogRiders","WinStarsUsingTroop","Accumulative","Regular","TID_CLANGAMES_TASK_USE_HOGRIDERS","TID_CLANGAMES_TASK_INFO_USE_HOGRIDERS","sc/ui.sc","icon_unit_boarRider",100,480,3,10,"Boar Rider",,36,10,
"UseDragons","WinStarsUsingTroop","Accumulative","Regular","TID_CLANGAMES_TASK_USE_DRAGONS","TID_CLANGAMES_TASK_INFO_USE_DRAGONS","sc/ui.sc","icon_unit_dragon",100,480,3,6,"Dragon",,36,10,
"UsePEKKAs","WinStarsUsingTroop","Accumulative","Regular","TID_CLANGAMES_TASK_USE_PEKKAS","TID_CLANGAMES_TASK_INFO_USE_PEKKAS","sc/ui.sc","icon_unit_pekka",100,480,3,2,"PEKKA",,36,10,
"UseValkyries","WinStarsUsingTroop","Accumulative","Regular","TID_CLANGAMES_TASK_USE_VALKYRIES","TID_CLANGAMES_TASK_INFO_USE_VALKYRIES","sc/ui.sc","icon_unit_warriorGirl",100,480,3,8,"Warrior Girl",,36,10,
"UseGolems","WinStarsUsingTroop","Accumulative","Regular","TID_CLANGAMES_TASK_USE_GOLEMS","TID_CLANGAMES_TASK_INFO_USE_GOLEMS","sc/ui.sc","icon_unit_golem",100,480,3,2,"Golem",,36,10,
"UseWitches","WinStarsUsingTroop","Accumulative","Regular","TID_CLANGAMES_TASK_USE_WITCHES","TID_CLANGAMES_TASK_INFO_USE_WITCHES","sc/ui.sc","icon_unit_witch",100,480,3,4,"Warlock",,36,10,
"UseLavaHounds","WinStarsUsingTroop","Accumulative","Regular","TID_CLANGAMES_TASK_USE_LAVAHOUNDS","TID_CLANGAMES_TASK_INFO_USE_LAVAHOUNDS","sc/ui.sc","icon_unit_tiny",100,480,3,3,"AirDefenceSeeker",,36,10,
"UseBabyDragons","WinStarsUsingTroop","Accumulative","Regular","TID_CLANGAMES_TASK_USE_BABYDRAGONS","TID_CLANGAMES_TASK_INFO_USE_BABYDRAGONS","sc/ui.sc","icon_unit_babydragon",100,480,3,4,"BabyDragon",,36,10,
"UseBowlers","WinStarsUsingTroop","Accumulative","Regular","TID_CLANGAMES_TASK_USE_BOWLERS","TID_CLANGAMES_TASK_INFO_USE_BOWLERS","sc/ui.sc","icon_unit_troll",100,480,3,8,"Bowler",,36,10,
"UseMiners","WinStarsUsingTroop","Accumulative","Regular","TID_CLANGAMES_TASK_USE_MINERS","TID_CLANGAMES_TASK_INFO_USE_MINERS","sc/ui.sc","icon_unit_miner",100,480,3,8,"Miner",,36,10,
"UseRagedBarbarians","WinStarsUsingTroop","Accumulative","Regular","TID_CLANGAMES_TASK_USE_RAGEDBARBARIANS","TID_CLANGAMES_TASK_INFO_USE_RAGEDBARBARIANS","sc/ui.sc","icon_unit_raged_barbarian",100,480,3,4,"Barbarian2",,54,10,
"UseSneakyArchers","WinStarsUsingTroop","Accumulative","Regular","TID_CLANGAMES_TASK_USE_SNEAKYARCHERS","TID_CLANGAMES_TASK_INFO_USE_SNEAKYARCHERS","sc/ui.sc","icon_unit_stealthy_archer",100,480,3,4,"Archer2",,54,10,
"UseBetaMinions","WinStarsUsingTroop","Accumulative","Regular","TID_CLANGAMES_TASK_USE_BETAMINIONS","TID_CLANGAMES_TASK_INFO_USE_BETAMINIONS","sc/ui.sc","icon_unit_glowing_minion",100,480,3,8,"Gargoyle2",,54,10,
"UseBoxerGiants","WinStarsUsingTroop","Accumulative","Regular","TID_CLANGAMES_TASK_USE_BOXERGIANTS","TID_CLANGAMES_TASK_INFO_USE_BOXERGIANTS","sc/ui.sc","icon_unit_boxergiant",100,480,3,2,"Giant2",,54,10,
"UseBombers","WinStarsUsingTroop","Accumulative","Regular","TID_CLANGAMES_TASK_USE_BOMBERS","TID_CLANGAMES_TASK_INFO_USE_BOMBERS","sc/ui.sc","icon_unit_bomber",100,480,3,1,"Bomber2",,54,10,
"UseCannonCarts","WinStarsUsingTroop","Accumulative","Regular","TID_CLANGAMES_TASK_USE_CANNONCARTS","TID_CLANGAMES_TASK_INFO_USE_CANNONCARTS","sc/ui.sc","icon_unit_movingCannon",100,480,3,2,"Moving Cannon",,36,10,
"UseDropShips","WinStarsUsingTroop","Accumulative","Regular","TID_CLANGAMES_TASK_USE_DROPSHIPS","TID_CLANGAMES_TASK_INFO_USE_DROPSHIPS","sc/ui.sc","icon_unit_skeletonBalloon",100,480,3,2,"Balloon2",,18,10,
"UseBabyDragons2","WinStarsUsingTroop","Accumulative","Regular","TID_CLANGAMES_TASK_USE_BABYDRAGONS2","TID_CLANGAMES_TASK_INFO_USE_BABYDRAGONS2","sc/ui.sc","icon_unit_babydragon",100,480,3,2,"BabyDragon2",,36,10,
"UseNightWitches","WinStarsUsingTroop","Accumulative","Regular","TID_CLANGAMES_TASK_USE_NIGHTWITCHES","TID_CLANGAMES_TASK_INFO_USE_NIGHTWITCHES","sc/ui.sc","icon_unit_nightwitch",100,480,3,2,"Dark Witch",,36,10,
"WinBuilderBattles","WinBuilderBattles","Accumulative","Regular","TID_CLANGAMES_TASK_WIN_BUILDERBATTLES","TID_CLANGAMES_TASK_INFO_WIN_BUILDERBATTLES","sc/ui.sc","Builder_Win_Battles_Icon",100,480,3,,,,270,10,
"GetBuilderBattleStars","GetBuilderBattleStars","Accumulative","Regular","TID_CLANGAMES_TASK_GET_BUILDERBATTLESTARS","TID_CLANGAMES_TASK_INFO_GET_BUILDERBATTLESTARS","sc/ui.sc","Builder_Collect_Stars_Icon",100,480,6,,,,270,10,
"GetBuilderBattleDestruction","GetBuilderBattleDestruction","Accumulative","Regular","TID_CLANGAMES_TASK_GET_BUILDERBATTLEDESTRUCTION","TID_CLANGAMES_TASK_INFO_GET_BUILDERBATTLEDESTRUCTION","sc/ui.sc","Builder_Get_Destruction_Icon",100,480,225,,,,270,10,
"UseBarbariansSmall","WinStarsUsingTroop","Accumulative","Small","TID_CLANGAMES_TASK_USE_BARBARIANS","TID_CLANGAMES_TASK_INFO_USE_BARBARIANS","sc/ui.sc","icon_unit_barbarian",50,180,1,30,"Barbarian",,6,5,
"UseArchersSmall","WinStarsUsingTroop","Accumulative","Small","TID_CLANGAMES_TASK_USE_ARCHERS","TID_CLANGAMES_TASK_INFO_USE_ARCHERS","sc/ui.sc","icon_unit_archer",50,180,1,30,"Archer",,6,5,
"UseGoblinsSmall","WinStarsUsingTroop","Accumulative","Small","TID_CLANGAMES_TASK_USE_GOBLINS","TID_CLANGAMES_TASK_INFO_USE_GOBLINS","sc/ui.sc","icon_unit_goblin",50,180,1,20,"Goblin",,6,5,
"UseGiantsSmall","WinStarsUsingTroop","Accumulative","Small","TID_CLANGAMES_TASK_USE_GIANTS","TID_CLANGAMES_TASK_INFO_USE_GIANTS","sc/ui.sc","icon_unit_giant",50,180,1,10,"Giant",,6,5,
"UseWallBreakersSmall","WinStarsUsingTroop","Accumulative","Small","TID_CLANGAMES_TASK_USE_WALLBREAKERS","TID_CLANGAMES_TASK_INFO_USE_WALLBREAKERS","sc/ui.sc","icon_unit_wallbreaker",50,180,1,6,"Wall Breaker",,6,5,
"UseLoonsSmall","WinStarsUsingTroop","Accumulative","Small","TID_CLANGAMES_TASK_USE_LOONS","TID_CLANGAMES_TASK_INFO_USE_LOONS","sc/ui.sc","icon_unit_balloon",50,180,1,12,"Balloon",,6,5,
"UseWizardsSmall","WinStarsUsingTroop","Accumulative","Small","TID_CLANGAMES_TASK_USE_WIZARDS","TID_CLANGAMES_TASK_INFO_USE_WIZARDS","sc/ui.sc","icon_unit_wizard",50,180,1,12,"Wizard",,6,5,
"UseHealersSmall","WinStarsUsingTroop","Accumulative","Small","TID_CLANGAMES_TASK_USE_HEALERS","TID_CLANGAMES_TASK_INFO_USE_HEALERS","sc/ui.sc","icon_unit_healer",50,180,1,3,"Healer",,6,5,
"UseMinionsSmall","WinStarsUsingTroop","Accumulative","Small","TID_CLANGAMES_TASK_USE_MINIONS","TID_CLANGAMES_TASK_INFO_USE_MINIONS","sc/ui.sc","icon_unit_gargoyle",50,180,1,20,"Gargoyle",,6,5,
"UseHogRidersSmall","WinStarsUsingTroop","Accumulative","Small","TID_CLANGAMES_TASK_USE_HOGRIDERS","TID_CLANGAMES_TASK_INFO_USE_HOGRIDERS","sc/ui.sc","icon_unit_boarRider",50,180,1,10,"Boar Rider",,6,5,
"UseDragonsSmall","WinStarsUsingTroop","Accumulative","Small","TID_CLANGAMES_TASK_USE_DRAGONS","TID_CLANGAMES_TASK_INFO_USE_DRAGONS","sc/ui.sc","icon_unit_dragon",50,180,1,6,"Dragon",,6,5,
"UsePEKKAsSmall","WinStarsUsingTroop","Accumulative","Small","TID_CLANGAMES_TASK_USE_PEKKAS","TID_CLANGAMES_TASK_INFO_USE_PEKKAS","sc/ui.sc","icon_unit_pekka",50,180,1,2,"PEKKA",,6,5,
"UseValkyriesSmall","WinStarsUsingTroop","Accumulative","Small","TID_CLANGAMES_TASK_USE_VALKYRIES","TID_CLANGAMES_TASK_INFO_USE_VALKYRIES","sc/ui.sc","icon_unit_warriorGirl",50,180,1,8,"Warrior Girl",,6,5,
"UseGolemsSmall","WinStarsUsingTroop","Accumulative","Small","TID_CLANGAMES_TASK_USE_GOLEMS","TID_CLANGAMES_TASK_INFO_USE_GOLEMS","sc/ui.sc","icon_unit_golem",50,180,1,2,"Golem",,6,5,
"UseWitchesSmall","WinStarsUsingTroop","Accumulative","Small","TID_CLANGAMES_TASK_USE_WITCHES","TID_CLANGAMES_TASK_INFO_USE_WITCHES","sc/ui.sc","icon_unit_witch",50,180,1,4,"Warlock",,6,5,
"UseLavaHoundsSmall","WinStarsUsingTroop","Accumulative","Small","TID_CLANGAMES_TASK_USE_LAVAHOUNDS","TID_CLANGAMES_TASK_INFO_USE_LAVAHOUNDS","sc/ui.sc","icon_unit_tiny",50,180,1,3,"AirDefenceSeeker",,6,5,
"UseBabyDragonsSmall","WinStarsUsingTroop","Accumulative","Small","TID_CLANGAMES_TASK_USE_BABYDRAGONS","TID_CLANGAMES_TASK_INFO_USE_BABYDRAGONS","sc/ui.sc","icon_unit_babydragon",50,180,1,4,"BabyDragon",,6,5,
"UseBowlersSmall","WinStarsUsingTroop","Accumulative","Small","TID_CLANGAMES_TASK_USE_BOWLERS","TID_CLANGAMES_TASK_INFO_USE_BOWLERS","sc/ui.sc","icon_unit_troll",50,180,1,8,"Bowler",,6,5,
"UseMinersSmall","WinStarsUsingTroop","Accumulative","Small","TID_CLANGAMES_TASK_USE_MINERS","TID_CLANGAMES_TASK_INFO_USE_MINERS","sc/ui.sc","icon_unit_miner",50,180,1,8,"Miner",,6,5,
"DestroyEagleArtillerySmall","DestroyBuilding","Accumulative","Small","TID_CLANGAMES_TASK_DESTROY_EAGLEARTILLERY","TID_CLANGAMES_TASK_INFO_DESTROY_EAGLEARTILLERY","sc/buildings.sc","doom_cannon_lvl2",50,180,1,,"Ancient Artillery",,5,5,
"DestroyElixirPumpsSmall","DestroyBuilding","Accumulative","Small","TID_CLANGAMES_TASK_DESTROY_ELIXIRPUMPS","TID_CLANGAMES_TASK_INFO_DESTROY_ELIXIRPUMPS","sc/buildings.sc","elixir_pump_lvl6",50,180,4,,"Elixir Pump",,5,5,
"DestroyGoldMinesSmall","DestroyBuilding","Accumulative","Small","TID_CLANGAMES_TASK_DESTROY_GOLDMINES","TID_CLANGAMES_TASK_INFO_DESTROY_GOLDMINES","sc/buildings.sc","goldmine_lvl6",50,180,4,,"Gold Mine",,5,5,
"DestroyElixirStoragesSmall","DestroyBuilding","Accumulative","Small","TID_CLANGAMES_TASK_DESTROY_ELIXIRSTORAGES","TID_CLANGAMES_TASK_INFO_DESTROY_ELIXIRSTORAGES","sc/buildings.sc","elixir_storage_level6",50,180,3,,"Elixir Storage",,5,5,
"DestroyGoldStoragesSmall","DestroyBuilding","Accumulative","Small","TID_CLANGAMES_TASK_DESTROY_GOLDSTORAGES","TID_CLANGAMES_TASK_INFO_DESTROY_GOLDSTORAGES","sc/buildings.sc","gold_storage_lvl6",50,180,3,,"Gold Storage",,5,5,
"DestroyMortarsSmall","DestroyBuilding","Accumulative","Small","TID_CLANGAMES_TASK_DESTROY_MORTARS","TID_CLANGAMES_TASK_INFO_DESTROY_MORTARS","sc/buildings.sc","mortar_lvl4",50,180,2,,"Mortar",,5,5,
"DestroyWizardTowersSmall","DestroyBuilding","Accumulative","Small","TID_CLANGAMES_TASK_DESTROY_WIZARDTOWERS","TID_CLANGAMES_TASK_INFO_DESTROY_WIZARDTOWERS","sc/buildings.sc","wizard_tower_lvl4",50,180,3,,"Wizard Tower",,5,5,
"DestroyCannonsSmall","DestroyBuilding","Accumulative","Small","TID_CLANGAMES_TASK_DESTROY_CANNONS","TID_CLANGAMES_TASK_INFO_DESTROY_CANNONS","sc/buildings.sc","basic_turret_lvl7",50,180,5,,"Cannon",,5,5,
"DestroyArcherTowersSmall","DestroyBuilding","Accumulative","Small","TID_CLANGAMES_TASK_DESTROY_ARCHERTOWERS","TID_CLANGAMES_TASK_INFO_DESTROY_ARCHERTOWERS","sc/buildings.sc","tower_turret_lvl3",50,180,4,,"Archer Tower",,5,5,
"DestroyDarkElixirPumpsSmall","DestroyBuilding","Accumulative","Small","TID_CLANGAMES_TASK_DESTROY_DARKELIXIRPUMPS","TID_CLANGAMES_TASK_INFO_DESTROY_DARKELIXIRPUMPS","sc/buildings.sc","darkelixir_pump_lvl4",50,180,2,,"Dark Elixir Pump",,5,5,
"DestroyDarkElixirStoragesSmall","DestroyBuilding","Accumulative","Small","TID_CLANGAMES_TASK_DESTROY_DARKELIXIRSTORAGES","TID_CLANGAMES_TASK_INFO_DESTROY_DARKELIXIRSTORAGES","sc/buildings.sc","darkelixir_storage_level3",50,180,1,,"Dark Elixir Storage",,5,5,
"DestroyClanCastlesSmall","DestroyBuilding","Accumulative","Small","TID_CLANGAMES_TASK_DESTROY_CLANCASTLES","TID_CLANGAMES_TASK_INFO_DESTROY_CLANCASTLES","sc/buildings.sc","alliance_castle_lvl2",50,180,1,,"Alliance Castle",,5,5,
"DestroyLaboratoriesSmall","DestroyBuilding","Accumulative","Small","TID_CLANGAMES_TASK_DESTROY_LABORATORIES","TID_CLANGAMES_TASK_INFO_DESTROY_LABORATORIES","sc/buildings.sc","laboratory_lvl6",50,180,1,,"Laboratory",,2,5,
"DestroySpellFactoriesSmall","DestroyBuilding","Accumulative","Small","TID_CLANGAMES_TASK_DESTROY_SPELLFACTORIES","TID_CLANGAMES_TASK_INFO_DESTROY_SPELLFACTORIES","sc/buildings.sc","spell_factory_lvl3",50,180,1,,"Spell Forge",,2,5,
"DestroyDarkSpellFactoriesSmall","DestroyBuilding","Accumulative","Small","TID_CLANGAMES_TASK_DESTROY_DARKSPELLFACTORIES","TID_CLANGAMES_TASK_INFO_DESTROY_DARKSPELLFACTORIES","sc/buildings.sc","mini_spell_distillery_lvl1",50,180,1,,"Mini Spell Factory",,2,5,
"DestroyAirSweepersSmall","DestroyBuilding","Accumulative","Small","TID_CLANGAMES_TASK_DESTROY_AIRSWEEPERS","TID_CLANGAMES_TASK_INFO_DESTROY_AIRSWEEPERS","sc/buildings.sc","air_mortar_lvl2",50,180,1,,"Air Blaster",,5,5,
"DestroyAirDefensesSmall","DestroyBuilding","Accumulative","Small","TID_CLANGAMES_TASK_DESTROY_AIRDEFENSES","TID_CLANGAMES_TASK_INFO_DESTROY_AIRDEFENSES","sc/buildings.sc","fireworks_tower_lvl6",50,180,2,,"Air Defense",,5,5,
"DestroyInfernoTowersSmall","DestroyBuilding","Accumulative","Small","TID_CLANGAMES_TASK_DESTROY_INFERNOTOWERS","TID_CLANGAMES_TASK_INFO_DESTROY_INFERNOTOWERS","sc/buildings.sc","dark_tower_lvl2",50,180,1,,"Dark Tower",,5,5,
"DestroyBombTowersSmall","DestroyBuilding","Accumulative","Small","TID_CLANGAMES_TASK_DESTROY_BOMBTOWERS","TID_CLANGAMES_TASK_INFO_DESTROY_BOMBTOWERS","sc/buildings.sc","bomb_tower_lvl1",50,180,1,,"Bomb Tower",,5,5,
"DestroyTeslaTowersSmall","DestroyBuilding","Accumulative","Small","TID_CLANGAMES_TASK_DESTROY_TESLATOWERS","TID_CLANGAMES_TASK_INFO_DESTROY_TESLATOWERS","sc/buildings.sc","teslatower_lvl5_setup",50,180,2,,"Tesla Tower",,5,5,
"DestroyXbowsSmall","DestroyBuilding","Accumulative","Small","TID_CLANGAMES_TASK_DESTROY_XBOWS","TID_CLANGAMES_TASK_INFO_DESTROY_XBOWS","sc/buildings.sc","rapidfire_turret_lvl1",50,180,2,,"Bow",,5,5,
"DestroyKingAltarsSmall","DestroyBuilding","Accumulative","Small","TID_CLANGAMES_TASK_DESTROY_KINGALTARS","TID_CLANGAMES_TASK_INFO_DESTROY_KINGALTARS","sc/buildings.sc","heroaltar_barbarian_king_lvl1",50,180,1,,"Hero Altar Barbarian King",,2,5,
"DestroyQueenAltarsSmall","DestroyBuilding","Accumulative","Small","TID_CLANGAMES_TASK_DESTROY_QUEENALTARS","TID_CLANGAMES_TASK_INFO_DESTROY_QUEENALTARS","sc/buildings.sc","heroaltar_archer_queen_lvl1",50,180,1,,"Hero Altar Archer Queen",,2,5,
"DestroyWardenAltarsSmall","DestroyBuilding","Accumulative","Small","TID_CLANGAMES_TASK_DESTROY_WARDENALTARS","TID_CLANGAMES_TASK_INFO_DESTROY_WARDENALTARS","sc/buildings.sc","heroaltar_elder_lvl1",50,180,1,,"Hero Altar Grand Warden",,2,5,
"WinBuilderBattlesIntense","WinBuilderBattles","Accumulative","Intense","TID_CLANGAMES_TASK_WIN_BUILDERBATTLES","TID_CLANGAMES_TASK_INFO_WIN_BUILDERBATTLES","sc/ui.sc","Builder_Win_Battles_Icon",275,60,5,,,,135,30,
"GetBuilderBattleStarsIntense","GetBuilderBattleStars","Accumulative","Intense","TID_CLANGAMES_TASK_GET_BUILDERBATTLESTARS","TID_CLANGAMES_TASK_INFO_GET_BUILDERBATTLESTARS","sc/ui.sc","Builder_Collect_Stars_Icon",225,60,10,,,,135,20,
"GetBuilderBattleDestructionIntense","GetBuilderBattleDestruction","Accumulative","Intense","TID_CLANGAMES_TASK_GET_BUILDERBATTLEDESTRUCTION","TID_CLANGAMES_TASK_INFO_GET_BUILDERBATTLEDESTRUCTION","sc/ui.sc","Builder_Get_Destruction_Icon",225,60,375,,,,135,20,
"WinHomeBattlesIntense","WinHomeBattles","Accumulative","Intense","TID_CLANGAMES_TASK_WIN_HOMEBATTLES","TID_CLANGAMES_TASK_INFO_WIN_HOMEBATTLES","sc/ui.sc","Home_Win_Battles_Icon",250,60,3,,,,36,30,
"DestroyEagleArtilleryIntense","DestroyBuilding","Accumulative","Intense","TID_CLANGAMES_TASK_DESTROY_EAGLEARTILLERY","TID_CLANGAMES_TASK_INFO_DESTROY_EAGLEARTILLERY","sc/buildings.sc","doom_cannon_lvl2",250,60,3,,"Ancient Artillery",,14,30,
"DestroyElixirPumpsIntense","DestroyBuilding","Accumulative","Intense","TID_CLANGAMES_TASK_DESTROY_ELIXIRPUMPS","TID_CLANGAMES_TASK_INFO_DESTROY_ELIXIRPUMPS","sc/buildings.sc","elixir_pump_lvl6",250,60,12,,"Elixir Pump",,14,30,
"DestroyGoldMinesIntense","DestroyBuilding","Accumulative","Intense","TID_CLANGAMES_TASK_DESTROY_GOLDMINES","TID_CLANGAMES_TASK_INFO_DESTROY_GOLDMINES","sc/buildings.sc","goldmine_lvl6",250,60,12,,"Gold Mine",,14,30,
"DestroyElixirStoragesIntense","DestroyBuilding","Accumulative","Intense","TID_CLANGAMES_TASK_DESTROY_ELIXIRSTORAGES","TID_CLANGAMES_TASK_INFO_DESTROY_ELIXIRSTORAGES","sc/buildings.sc","elixir_storage_level6",250,60,9,,"Elixir Storage",,14,30,
"DestroyGoldStoragesIntense","DestroyBuilding","Accumulative","Intense","TID_CLANGAMES_TASK_DESTROY_GOLDSTORAGES","TID_CLANGAMES_TASK_INFO_DESTROY_GOLDSTORAGES","sc/buildings.sc","gold_storage_lvl6",250,60,9,,"Gold Storage",,14,30,
"DestroyMortarsIntense","DestroyBuilding","Accumulative","Intense","TID_CLANGAMES_TASK_DESTROY_MORTARS","TID_CLANGAMES_TASK_INFO_DESTROY_MORTARS","sc/buildings.sc","mortar_lvl4",250,60,6,,"Mortar",,14,30,
"DestroyWizardTowersIntense","DestroyBuilding","Accumulative","Intense","TID_CLANGAMES_TASK_DESTROY_WIZARDTOWERS","TID_CLANGAMES_TASK_INFO_DESTROY_WIZARDTOWERS","sc/buildings.sc","wizard_tower_lvl4",250,60,9,,"Wizard Tower",,14,30,
"DestroyCannonsIntense","DestroyBuilding","Accumulative","Intense","TID_CLANGAMES_TASK_DESTROY_CANNONS","TID_CLANGAMES_TASK_INFO_DESTROY_CANNONS","sc/buildings.sc","basic_turret_lvl7",250,60,15,,"Cannon",,14,30,
"DestroyArcherTowersIntense","DestroyBuilding","Accumulative","Intense","TID_CLANGAMES_TASK_DESTROY_ARCHERTOWERS","TID_CLANGAMES_TASK_INFO_DESTROY_ARCHERTOWERS","sc/buildings.sc","tower_turret_lvl3",250,60,12,,"Archer Tower",,14,30,
"DestroyDarkElixirPumpsIntense","DestroyBuilding","Accumulative","Intense","TID_CLANGAMES_TASK_DESTROY_DARKELIXIRPUMPS","TID_CLANGAMES_TASK_INFO_DESTROY_DARKELIXIRPUMPS","sc/buildings.sc","darkelixir_pump_lvl4",250,60,6,,"Dark Elixir Pump",,14,30,
"DestroyDarkElixirStoragesIntense","DestroyBuilding","Accumulative","Intense","TID_CLANGAMES_TASK_DESTROY_DARKELIXIRSTORAGES","TID_CLANGAMES_TASK_INFO_DESTROY_DARKELIXIRSTORAGES","sc/buildings.sc","darkelixir_storage_level3",250,60,3,,"Dark Elixir Storage",,14,30,
"DestroyClanCastlesIntense","DestroyBuilding","Accumulative","Intense","TID_CLANGAMES_TASK_DESTROY_CLANCASTLES","TID_CLANGAMES_TASK_INFO_DESTROY_CLANCASTLES","sc/buildings.sc","alliance_castle_lvl2",250,60,3,,"Alliance Castle",,14,30,
"DestroyLaboratoriesIntense","DestroyBuilding","Accumulative","Intense","TID_CLANGAMES_TASK_DESTROY_LABORATORIES","TID_CLANGAMES_TASK_INFO_DESTROY_LABORATORIES","sc/buildings.sc","laboratory_lvl6",175,60,3,,"Laboratory",,5,20,
"DestroySpellFactoriesIntense","DestroyBuilding","Accumulative","Intense","TID_CLANGAMES_TASK_DESTROY_SPELLFACTORIES","TID_CLANGAMES_TASK_INFO_DESTROY_SPELLFACTORIES","sc/buildings.sc","spell_factory_lvl3",175,60,3,,"Spell Forge",,5,20,
"DestroyDarkSpellFactoriesIntense","DestroyBuilding","Accumulative","Intense","TID_CLANGAMES_TASK_DESTROY_DARKSPELLFACTORIES","TID_CLANGAMES_TASK_INFO_DESTROY_DARKSPELLFACTORIES","sc/buildings.sc","mini_spell_distillery_lvl1",175,60,3,,"Mini Spell Factory",,5,20,
"DestroyAirSweepersIntense","DestroyBuilding","Accumulative","Intense","TID_CLANGAMES_TASK_DESTROY_AIRSWEEPERS","TID_CLANGAMES_TASK_INFO_DESTROY_AIRSWEEPERS","sc/buildings.sc","air_mortar_lvl2",250,60,3,,"Air Blaster",,14,30,
"DestroyAirDefensesIntense","DestroyBuilding","Accumulative","Intense","TID_CLANGAMES_TASK_DESTROY_AIRDEFENSES","TID_CLANGAMES_TASK_INFO_DESTROY_AIRDEFENSES","sc/buildings.sc","fireworks_tower_lvl6",250,60,6,,"Air Defense",,14,30,
"DestroyInfernoTowersIntense","DestroyBuilding","Accumulative","Intense","TID_CLANGAMES_TASK_DESTROY_INFERNOTOWERS","TID_CLANGAMES_TASK_INFO_DESTROY_INFERNOTOWERS","sc/buildings.sc","dark_tower_lvl2",250,60,3,,"Dark Tower",,14,30,
"DestroyBombTowersIntense","DestroyBuilding","Accumulative","Intense","TID_CLANGAMES_TASK_DESTROY_BOMBTOWERS","TID_CLANGAMES_TASK_INFO_DESTROY_BOMBTOWERS","sc/buildings.sc","bomb_tower_lvl1",250,60,3,,"Bomb Tower",,14,30,
"DestroyTeslaTowersIntense","DestroyBuilding","Accumulative","Intense","TID_CLANGAMES_TASK_DESTROY_TESLATOWERS","TID_CLANGAMES_TASK_INFO_DESTROY_TESLATOWERS","sc/buildings.sc","teslatower_lvl5_setup",250,60,6,,"Tesla Tower",,14,30,
"DestroyXbowsIntense","DestroyBuilding","Accumulative","Intense","TID_CLANGAMES_TASK_DESTROY_XBOWS","TID_CLANGAMES_TASK_INFO_DESTROY_XBOWS","sc/buildings.sc","rapidfire_turret_lvl1",250,60,6,,"Bow",,14,30,
"DestroyKingAltarsIntense","DestroyBuilding","Accumulative","Intense","TID_CLANGAMES_TASK_DESTROY_KINGALTARS","TID_CLANGAMES_TASK_INFO_DESTROY_KINGALTARS","sc/buildings.sc","heroaltar_barbarian_king_lvl1",175,60,3,,"Hero Altar Barbarian King",,5,20,
"DestroyQueenAltarsIntense","DestroyBuilding","Accumulative","Intense","TID_CLANGAMES_TASK_DESTROY_QUEENALTARS","TID_CLANGAMES_TASK_INFO_DESTROY_QUEENALTARS","sc/buildings.sc","heroaltar_archer_queen_lvl1",175,60,3,,"Hero Altar Archer Queen",,5,20,
"DestroyWardenAltarsIntense","DestroyBuilding","Accumulative","Intense","TID_CLANGAMES_TASK_DESTROY_WARDENALTARS","TID_CLANGAMES_TASK_INFO_DESTROY_WARDENALTARS","sc/buildings.sc","heroaltar_elder_lvl1",175,60,3,,"Hero Altar Grand Warden",,5,20,
"LootGoldIntense","LootResources","Accumulative","Intense","TID_CLANGAMES_TASK_LOOT_GOLD","TID_CLANGAMES_TASK_INFO_LOOT_GOLD","sc/ui.sc","Home_Loot_Gold",250,60,750000,,"Gold",,45,30,
"LootElixirIntense","LootResources","Accumulative","Intense","TID_CLANGAMES_TASK_LOOT_ELIXIR","TID_CLANGAMES_TASK_INFO_LOOT_ELIXIR","sc/ui.sc","Home_Loot_Elixir",250,60,750000,,"Elixir",,45,30,
"LootDarkElixirIntense","LootResources","Accumulative","Intense","TID_CLANGAMES_TASK_LOOT_DARKELIXIR","TID_CLANGAMES_TASK_INFO_LOOT_DARKELIXIR","sc/ui.sc","Home_Loot_DarkElixir",250,60,7500,,"DarkElixir",,30,30,
"WinHomeBattlesInRowIntense","WinHomeBattles","Consecutive","Intense","TID_CLANGAMES_TASK_WIN_HOMEBATTLESINROW","TID_CLANGAMES_TASK_INFO_WIN_HOMEBATTLESINROW","sc/ui.sc","Home_Win_Battles_Icon",300,60,3,,,,24,30,
"WinHomeBattlesInRowEpic","WinHomeBattles","Consecutive","Epic","TID_CLANGAMES_TASK_WIN_HOMEBATTLESINROW","TID_CLANGAMES_TASK_INFO_WIN_HOMEBATTLESINROW","sc/ui.sc","Home_Win_Battles_Icon",500,1440,5,,,,24,60,
"DestroyEagleArtilleryEpic","DestroyBuilding","Accumulative","Epic","TID_CLANGAMES_TASK_DESTROY_EAGLEARTILLERY","TID_CLANGAMES_TASK_INFO_DESTROY_EAGLEARTILLERY","sc/buildings.sc","doom_cannon_lvl2",300,1440,5,,"Ancient Artillery",,14,30,
"DestroyInfernoTowersEpic","DestroyBuilding","Accumulative","Epic","TID_CLANGAMES_TASK_DESTROY_INFERNOTOWERS","TID_CLANGAMES_TASK_INFO_DESTROY_INFERNOTOWERS","sc/buildings.sc","dark_tower_lvl2",300,1440,5,,"Dark Tower",,14,30,
"GetHomeBattleStarsEpic","GetHomeBattleStars","Accumulative","Epic","TID_CLANGAMES_TASK_GET_HOMEBATTLESTARS","TID_CLANGAMES_TASK_INFO_GET_HOMEBATTLESTARS","sc/ui.sc","Home_Collect_Stars_Icon",250,1440,10,,,,90,30,
"WinHomeBattlesEpic","WinHomeBattles","Accumulative","Epic","TID_CLANGAMES_TASK_WIN_HOMEBATTLES","TID_CLANGAMES_TASK_INFO_WIN_HOMEBATTLES","sc/ui.sc","Home_Win_Battles_Icon",250,1440,5,,,,36,30,
"GetBuilderBattleStarsEpic","GetBuilderBattleStars","Accumulative","Epic","TID_CLANGAMES_TASK_GET_BUILDERBATTLESTARS","TID_CLANGAMES_TASK_INFO_GET_BUILDERBATTLESTARS","sc/ui.sc","Builder_Collect_Stars_Icon",250,1440,15,,,,135,30,
"LootGoldEpic","LootResources","Accumulative","Epic","TID_CLANGAMES_TASK_LOOT_GOLD","TID_CLANGAMES_TASK_INFO_LOOT_GOLD","sc/ui.sc","Home_Loot_Gold",250,1440,1250000,,"Gold",,45,30,
"LootElixirEpic","LootResources","Accumulative","Epic","TID_CLANGAMES_TASK_LOOT_ELIXIR","TID_CLANGAMES_TASK_INFO_LOOT_ELIXIR","sc/ui.sc","Home_Loot_Elixir",250,1440,1250000,,"Elixir",,45,30,
"LootDarkElixirEpic","LootResources","Accumulative","Epic","TID_CLANGAMES_TASK_LOOT_DARKELIXIR","TID_CLANGAMES_TASK_INFO_LOOT_DARKELIXIR","sc/ui.sc","Home_Loot_DarkElixir",250,1440,12500,,"DarkElixir",,30,30,
"GetHomeBattleDestructionEpic","GetHomeBattleDestruction","Accumulative","Epic","TID_CLANGAMES_TASK_GET_HOMEBATTLEDESTRUCTION","TID_CLANGAMES_TASK_INFO_GET_HOMEBATTLEDESTRUCTION","sc/ui.sc","Home_Get_Desturction_Icon",250,1440,250,,,,90,30,
"GetBuilderBattleDestructionEpic","GetBuilderBattleDestruction","Accumulative","Epic","TID_CLANGAMES_TASK_GET_BUILDERBATTLEDESTRUCTION","TID_CLANGAMES_TASK_INFO_GET_BUILDERBATTLEDESTRUCTION","sc/ui.sc","Builder_Get_Destruction_Icon",250,1440,575,,,,135,30,
"DestroyTownHall2","DestroyBuilding","Accumulative","Regular","TID_CLANGAMES_TASK_DESTROY_BB_BUILDERHALL","TID_CLANGAMES_TASK_INFO_DESTROY_BB_BUILDERHALL","sc/buildings2.sc","new_TH_lvl3",100,480,3,,"Town Hall2",,41,10,
"DestroyAirDefenseMini","DestroyBuilding","Accumulative","Regular","TID_CLANGAMES_TASK_DESTROY_BB_FIRECRACKERS","TID_CLANGAMES_TASK_INFO_DESTROY_BB_FIRECRACKERS","sc/buildings2.sc","airDefence_box_lvl4",100,480,6,,"Air Defense Mini",,41,10,
"DestroyAirDefense2","DestroyBuilding","Accumulative","Regular","TID_CLANGAMES_TASK_DESTROY_BB_AIRBOMBS","TID_CLANGAMES_TASK_INFO_DESTROY_BB_AIRBOMBS","sc/buildings2.sc","airDefence_factory_lvl4",100,480,3,,"Air Defense2",,41,10,
"DestroyClockTower","DestroyBuilding","Accumulative","Regular","TID_CLANGAMES_TASK_DESTROY_BB_CLOCKTOWER","TID_CLANGAMES_TASK_INFO_DESTROY_BB_CLOCKTOWER","sc/buildings2.sc","clocktower_lvl2",75,480,3,,"Clock Tower",,41,5,
"DestroyCrusher","DestroyBuilding","Accumulative","Regular","TID_CLANGAMES_TASK_DESTROY_BB_CRUSHER","TID_CLANGAMES_TASK_INFO_DESTROY_BB_CRUSHER","sc/buildings2.sc","Crusher_lvl2",100,480,3,,"Crusher",,41,10,
"DestroyDoubleCannon","DestroyBuilding","Accumulative","Regular","TID_CLANGAMES_TASK_DESTROY_BB_DOUBLECANNON","TID_CLANGAMES_TASK_INFO_DESTROY_BB_DOUBLECANNON","sc/buildings2.sc","doubleCannon_lvl2",100,480,6,,"Double Cannon",,41,10,
"DestroyFlamer","DestroyBuilding","Accumulative","Regular","TID_CLANGAMES_TASK_DESTROY_BB_ROASTER","TID_CLANGAMES_TASK_INFO_DESTROY_BB_ROASTER","sc/buildings2.sc","Flamer_lvl2",100,480,3,,"Flamer",,41,10,
"DestroyGemMine","DestroyBuilding","Accumulative","Regular","TID_CLANGAMES_TASK_DESTROY_BB_GEMMINE","TID_CLANGAMES_TASK_INFO_DESTROY_BB_GEMMINE","sc/buildings2.sc","gem_mine_lvl2",75,480,3,,"Gem Mine",,41,5,
"DestroyGiantCannon","DestroyBuilding","Accumulative","Regular","TID_CLANGAMES_TASK_DESTROY_BB_GIANTCANNON","TID_CLANGAMES_TASK_INFO_DESTROY_BB_GIANTCANNON","sc/buildings2.sc","megaCannon_lvl4",100,480,3,,"Giant Cannon",,41,10,
"DestroyGuardPost","DestroyBuilding","Accumulative","Regular","TID_CLANGAMES_TASK_DESTROY_BB_GUARDPOST","TID_CLANGAMES_TASK_INFO_DESTROY_BB_GUARDPOST","sc/buildings2.sc","GuardPost_lvl4",100,480,3,,"Guard Post",,41,10,
"DestroyLaboratory2","DestroyBuilding","Accumulative","Regular","TID_CLANGAMES_TASK_DESTROY_BB_STARLABORATORY","TID_CLANGAMES_TASK_INFO_DESTROY_BB_STARLABORATORY","sc/buildings2.sc","Telescope_lvl5",75,480,3,,"Laboratory2",,41,5,
"DestroyMultiMortar","DestroyBuilding","Accumulative","Regular","TID_CLANGAMES_TASK_DESTROY_BB_MULTIMORTAR","TID_CLANGAMES_TASK_INFO_DESTROY_BB_MULTIMORTAR","sc/buildings2.sc","multi_mortar_lvl4",100,480,3,,"Multi Mortar",,41,10,
"DestroyTownHall2Small","DestroyBuilding","Accumulative","Small","TID_CLANGAMES_TASK_DESTROY_BB_BUILDERHALL","TID_CLANGAMES_TASK_INFO_DESTROY_BB_BUILDERHALL","sc/buildings2.sc","new_TH_lvl3",35,180,1,,"Town Hall2",,7,5,
"DestroyAirDefenseMiniSmall","DestroyBuilding","Accumulative","Small","TID_CLANGAMES_TASK_DESTROY_BB_FIRECRACKERS","TID_CLANGAMES_TASK_INFO_DESTROY_BB_FIRECRACKERS","sc/buildings2.sc","airDefence_box_lvl4",35,180,2,,"Air Defense Mini",,7,5,
"DestroyAirDefense2Small","DestroyBuilding","Accumulative","Small","TID_CLANGAMES_TASK_DESTROY_BB_AIRBOMBS","TID_CLANGAMES_TASK_INFO_DESTROY_BB_AIRBOMBS","sc/buildings2.sc","airDefence_factory_lvl4",35,180,1,,"Air Defense2",,7,5,
"DestroyClockTowerSmall","DestroyBuilding","Accumulative","Small","TID_CLANGAMES_TASK_DESTROY_BB_CLOCKTOWER","TID_CLANGAMES_TASK_INFO_DESTROY_BB_CLOCKTOWER","sc/buildings2.sc","clocktower_lvl2",35,180,1,,"Clock Tower",,7,5,
"DestroyCrusherSmall","DestroyBuilding","Accumulative","Small","TID_CLANGAMES_TASK_DESTROY_BB_CRUSHER","TID_CLANGAMES_TASK_INFO_DESTROY_BB_CRUSHER","sc/buildings2.sc","Crusher_lvl2",35,180,1,,"Crusher",,7,5,
"DestroyDoubleCannonSmall","DestroyBuilding","Accumulative","Small","TID_CLANGAMES_TASK_DESTROY_BB_DOUBLECANNON","TID_CLANGAMES_TASK_INFO_DESTROY_BB_DOUBLECANNON","sc/buildings2.sc","doubleCannon_lvl2",35,180,2,,"Double Cannon",,7,5,
"DestroyFlamerSmall","DestroyBuilding","Accumulative","Small","TID_CLANGAMES_TASK_DESTROY_BB_ROASTER","TID_CLANGAMES_TASK_INFO_DESTROY_BB_ROASTER","sc/buildings2.sc","Flamer_lvl2",35,180,1,,"Flamer",,7,5,
"DestroyGemMineSmall","DestroyBuilding","Accumulative","Small","TID_CLANGAMES_TASK_DESTROY_BB_GEMMINE","TID_CLANGAMES_TASK_INFO_DESTROY_BB_GEMMINE","sc/buildings2.sc","gem_mine_lvl2",35,180,1,,"Gem Mine",,7,5,
"DestroyGiantCannonSmall","DestroyBuilding","Accumulative","Small","TID_CLANGAMES_TASK_DESTROY_BB_GIANTCANNON","TID_CLANGAMES_TASK_INFO_DESTROY_BB_GIANTCANNON","sc/buildings2.sc","megaCannon_lvl4",35,180,1,,"Giant Cannon",,7,5,
"DestroyGuardPostSmall","DestroyBuilding","Accumulative","Small","TID_CLANGAMES_TASK_DESTROY_BB_GUARDPOST","TID_CLANGAMES_TASK_INFO_DESTROY_BB_GUARDPOST","sc/buildings2.sc","GuardPost_lvl4",35,180,1,,"Guard Post",,7,5,
"DestroyLaboratory2Small","DestroyBuilding","Accumulative","Small","TID_CLANGAMES_TASK_DESTROY_BB_STARLABORATORY","TID_CLANGAMES_TASK_INFO_DESTROY_BB_STARLABORATORY","sc/buildings2.sc","Telescope_lvl5",35,180,1,,"Laboratory2",,7,5,
"DestroyMultiMortarSmall","DestroyBuilding","Accumulative","Small","TID_CLANGAMES_TASK_DESTROY_BB_MULTIMORTAR","TID_CLANGAMES_TASK_INFO_DESTROY_BB_MULTIMORTAR","sc/buildings2.sc","multi_mortar_lvl4",35,180,1,,"Multi Mortar",,7,5,
"DestroyTownHall2Intense","DestroyBuilding","Accumulative","Intense","TID_CLANGAMES_TASK_DESTROY_BB_BUILDERHALL","TID_CLANGAMES_TASK_INFO_DESTROY_BB_BUILDERHALL","sc/buildings2.sc","new_TH_lvl3",275,60,5,,"Town Hall2",,20,30,
"DestroyAirDefenseMiniIntense","DestroyBuilding","Accumulative","Intense","TID_CLANGAMES_TASK_DESTROY_BB_FIRECRACKERS","TID_CLANGAMES_TASK_INFO_DESTROY_BB_FIRECRACKERS","sc/buildings2.sc","airDefence_box_lvl4",275,60,10,,"Air Defense Mini",,20,30,
"DestroyAirDefense2Intense","DestroyBuilding","Accumulative","Intense","TID_CLANGAMES_TASK_DESTROY_BB_AIRBOMBS","TID_CLANGAMES_TASK_INFO_DESTROY_BB_AIRBOMBS","sc/buildings2.sc","airDefence_factory_lvl4",275,60,5,,"Air Defense2",,20,30,
"DestroyClockTowerIntense","DestroyBuilding","Accumulative","Intense","TID_CLANGAMES_TASK_DESTROY_BB_CLOCKTOWER","TID_CLANGAMES_TASK_INFO_DESTROY_BB_CLOCKTOWER","sc/buildings2.sc","clocktower_lvl2",200,60,5,,"Clock Tower",,20,20,
"DestroyCrusherIntense","DestroyBuilding","Accumulative","Intense","TID_CLANGAMES_TASK_DESTROY_BB_CRUSHER","TID_CLANGAMES_TASK_INFO_DESTROY_BB_CRUSHER","sc/buildings2.sc","Crusher_lvl2",275,60,5,,"Crusher",,20,30,
"DestroyDoubleCannonIntense","DestroyBuilding","Accumulative","Intense","TID_CLANGAMES_TASK_DESTROY_BB_DOUBLECANNON","TID_CLANGAMES_TASK_INFO_DESTROY_BB_DOUBLECANNON","sc/buildings2.sc","doubleCannon_lvl2",275,60,10,,"Double Cannon",,20,30,
"DestroyFlamerIntense","DestroyBuilding","Accumulative","Intense","TID_CLANGAMES_TASK_DESTROY_BB_ROASTER","TID_CLANGAMES_TASK_INFO_DESTROY_BB_ROASTER","sc/buildings2.sc","Flamer_lvl2",275,60,5,,"Flamer",,20,30,
"DestroyGemMineIntense","DestroyBuilding","Accumulative","Intense","TID_CLANGAMES_TASK_DESTROY_BB_GEMMINE","TID_CLANGAMES_TASK_INFO_DESTROY_BB_GEMMINE","sc/buildings2.sc","gem_mine_lvl2",200,60,5,,"Gem Mine",,20,20,
"DestroyGiantCannonIntense","DestroyBuilding","Accumulative","Intense","TID_CLANGAMES_TASK_DESTROY_BB_GIANTCANNON","TID_CLANGAMES_TASK_INFO_DESTROY_BB_GIANTCANNON","sc/buildings2.sc","megaCannon_lvl4",275,60,5,,"Giant Cannon",,20,30,
"DestroyGuardPostIntense","DestroyBuilding","Accumulative","Intense","TID_CLANGAMES_TASK_DESTROY_BB_GUARDPOST","TID_CLANGAMES_TASK_INFO_DESTROY_BB_GUARDPOST","sc/buildings2.sc","GuardPost_lvl4",275,60,5,,"Guard Post",,20,30,
"DestroyLaboratory2Intense","DestroyBuilding","Accumulative","Intense","TID_CLANGAMES_TASK_DESTROY_BB_STARLABORATORY","TID_CLANGAMES_TASK_INFO_DESTROY_BB_STARLABORATORY","sc/buildings2.sc","Telescope_lvl5",200,60,5,,"Laboratory2",,20,20,
"DestroyMultiMortarIntense","DestroyBuilding","Accumulative","Intense","TID_CLANGAMES_TASK_DESTROY_BB_MULTIMORTAR","TID_CLANGAMES_TASK_INFO_DESTROY_BB_MULTIMORTAR","sc/buildings2.sc","multi_mortar_lvl4",275,60,5,,"Multi Mortar",,20,30,
"WinHomeBattlesInRowMarathon","WinHomeBattles","Consecutive","Marathon","TID_CLANGAMES_TASK_WIN_HOMEBATTLESINROW","TID_CLANGAMES_TASK_INFO_WIN_HOMEBATTLESINROW","sc/ui.sc","Home_Win_Battles_Icon",800,2880,8,,,,24,100,
"DestroyEagleArtilleryMarathon","DestroyBuilding","Accumulative","Marathon","TID_CLANGAMES_TASK_DESTROY_EAGLEARTILLERY","TID_CLANGAMES_TASK_INFO_DESTROY_EAGLEARTILLERY","sc/buildings.sc","doom_cannon_lvl2",400,2880,8,,"Ancient Artillery",,14,50,
"DestroyInfernoTowersMarathon","DestroyBuilding","Accumulative","Marathon","TID_CLANGAMES_TASK_DESTROY_INFERNOTOWERS","TID_CLANGAMES_TASK_INFO_DESTROY_INFERNOTOWERS","sc/buildings.sc","dark_tower_lvl2",400,2880,8,,"Dark Tower",,14,50,
"GetHomeBattleStarsMarathon","GetHomeBattleStars","Accumulative","Marathon","TID_CLANGAMES_TASK_GET_HOMEBATTLESTARS","TID_CLANGAMES_TASK_INFO_GET_HOMEBATTLESTARS","sc/ui.sc","Home_Collect_Stars_Icon",400,2880,16,,,,90,50,
"WinHomeBattlesMarathon","WinHomeBattles","Accumulative","Marathon","TID_CLANGAMES_TASK_WIN_HOMEBATTLES","TID_CLANGAMES_TASK_INFO_WIN_HOMEBATTLES","sc/ui.sc","Home_Win_Battles_Icon",400,2880,8,,,,36,50,
"GetBuilderBattleStarsMarathon","GetBuilderBattleStars","Accumulative","Marathon","TID_CLANGAMES_TASK_GET_BUILDERBATTLESTARS","TID_CLANGAMES_TASK_INFO_GET_BUILDERBATTLESTARS","sc/ui.sc","Builder_Collect_Stars_Icon",400,2880,24,,,,135,50,
"LootGoldMarathon","LootResources","Accumulative","Marathon","TID_CLANGAMES_TASK_LOOT_GOLD","TID_CLANGAMES_TASK_INFO_LOOT_GOLD","sc/ui.sc","Home_Loot_Gold",400,2880,2000000,,"Gold",,45,50,
"LootElixirMarathon","LootResources","Accumulative","Marathon","TID_CLANGAMES_TASK_LOOT_ELIXIR","TID_CLANGAMES_TASK_INFO_LOOT_ELIXIR","sc/ui.sc","Home_Loot_Elixir",400,2880,2000000,,"Elixir",,45,50,
"LootDarkElixirMarathon","LootResources","Accumulative","Marathon","TID_CLANGAMES_TASK_LOOT_DARKELIXIR","TID_CLANGAMES_TASK_INFO_LOOT_DARKELIXIR","sc/ui.sc","Home_Loot_DarkElixir",400,2880,20000,,"DarkElixir",,30,50,
"GetHomeBattleDestructionMarathon","GetHomeBattleDestruction","Accumulative","Marathon","TID_CLANGAMES_TASK_GET_HOMEBATTLEDESTRUCTION","TID_CLANGAMES_TASK_INFO_GET_HOMEBATTLEDESTRUCTION","sc/ui.sc","Home_Get_Desturction_Icon",400,2880,600,,,,90,50,
"GetBuilderBattleDestructionMarathon","GetBuilderBattleDestruction","Accumulative","Marathon","TID_CLANGAMES_TASK_GET_BUILDERBATTLEDESTRUCTION","TID_CLANGAMES_TASK_INFO_GET_BUILDERBATTLEDESTRUCTION","sc/ui.sc","Builder_Get_Destruction_Icon",400,2880,900,,,,135,50,
"WinBuilderBattlesRush","WinBuilderBattles","Accumulative","Rush","TID_CLANGAMES_TASK_WIN_BUILDERBATTLES","TID_CLANGAMES_TASK_INFO_WIN_BUILDERBATTLES","sc/ui.sc","Builder_Win_Battles_Icon",350,60,6,,,,90,40,
"GetBuilderBattleStarsRush","GetBuilderBattleStars","Accumulative","Rush","TID_CLANGAMES_TASK_GET_BUILDERBATTLESTARS","TID_CLANGAMES_TASK_INFO_GET_BUILDERBATTLESTARS","sc/ui.sc","Builder_Collect_Stars_Icon",350,60,12,,,,90,40,
"GetBuilderBattleDestructionRush","GetBuilderBattleDestruction","Accumulative","Rush","TID_CLANGAMES_TASK_GET_BUILDERBATTLEDESTRUCTION","TID_CLANGAMES_TASK_INFO_GET_BUILDERBATTLEDESTRUCTION","sc/ui.sc","Builder_Get_Destruction_Icon",350,60,450,,,,90,40,
"WinHomeBattlesRush","WinHomeBattles","Accumulative","Rush","TID_CLANGAMES_TASK_WIN_HOMEBATTLES","TID_CLANGAMES_TASK_INFO_WIN_HOMEBATTLES","sc/ui.sc","Home_Win_Battles_Icon",350,60,4,,,,24,40,
"DestroyEagleArtilleryRush","DestroyBuilding","Accumulative","Rush","TID_CLANGAMES_TASK_DESTROY_EAGLEARTILLERY","TID_CLANGAMES_TASK_INFO_DESTROY_EAGLEARTILLERY","sc/buildings.sc","doom_cannon_lvl2",350,60,4,,"Ancient Artillery",,9,40,
"DestroyElixirPumpsRush","DestroyBuilding","Accumulative","Rush","TID_CLANGAMES_TASK_DESTROY_ELIXIRPUMPS","TID_CLANGAMES_TASK_INFO_DESTROY_ELIXIRPUMPS","sc/buildings.sc","elixir_pump_lvl6",350,60,16,,"Elixir Pump",,9,40,
"DestroyGoldMinesRush","DestroyBuilding","Accumulative","Rush","TID_CLANGAMES_TASK_DESTROY_GOLDMINES","TID_CLANGAMES_TASK_INFO_DESTROY_GOLDMINES","sc/buildings.sc","goldmine_lvl6",350,60,16,,"Gold Mine",,9,40,
"DestroyElixirStoragesRush","DestroyBuilding","Accumulative","Rush","TID_CLANGAMES_TASK_DESTROY_ELIXIRSTORAGES","TID_CLANGAMES_TASK_INFO_DESTROY_ELIXIRSTORAGES","sc/buildings.sc","elixir_storage_level6",350,60,12,,"Elixir Storage",,9,40,
"DestroyGoldStoragesRush","DestroyBuilding","Accumulative","Rush","TID_CLANGAMES_TASK_DESTROY_GOLDSTORAGES","TID_CLANGAMES_TASK_INFO_DESTROY_GOLDSTORAGES","sc/buildings.sc","gold_storage_lvl6",350,60,12,,"Gold Storage",,9,40,
"DestroyMortarsRush","DestroyBuilding","Accumulative","Rush","TID_CLANGAMES_TASK_DESTROY_MORTARS","TID_CLANGAMES_TASK_INFO_DESTROY_MORTARS","sc/buildings.sc","mortar_lvl4",350,60,8,,"Mortar",,9,40,
"DestroyWizardTowersRush","DestroyBuilding","Accumulative","Rush","TID_CLANGAMES_TASK_DESTROY_WIZARDTOWERS","TID_CLANGAMES_TASK_INFO_DESTROY_WIZARDTOWERS","sc/buildings.sc","wizard_tower_lvl4",350,60,12,,"Wizard Tower",,9,40,
"DestroyCannonsRush","DestroyBuilding","Accumulative","Rush","TID_CLANGAMES_TASK_DESTROY_CANNONS","TID_CLANGAMES_TASK_INFO_DESTROY_CANNONS","sc/buildings.sc","basic_turret_lvl7",350,60,20,,"Cannon",,9,40,
"DestroyArcherTowersRush","DestroyBuilding","Accumulative","Rush","TID_CLANGAMES_TASK_DESTROY_ARCHERTOWERS","TID_CLANGAMES_TASK_INFO_DESTROY_ARCHERTOWERS","sc/buildings.sc","tower_turret_lvl3",350,60,16,,"Archer Tower",,9,40,
"DestroyDarkElixirPumpsRush","DestroyBuilding","Accumulative","Rush","TID_CLANGAMES_TASK_DESTROY_DARKELIXIRPUMPS","TID_CLANGAMES_TASK_INFO_DESTROY_DARKELIXIRPUMPS","sc/buildings.sc","darkelixir_pump_lvl4",350,60,8,,"Dark Elixir Pump",,9,40,
"DestroyDarkElixirStoragesRush","DestroyBuilding","Accumulative","Rush","TID_CLANGAMES_TASK_DESTROY_DARKELIXIRSTORAGES","TID_CLANGAMES_TASK_INFO_DESTROY_DARKELIXIRSTORAGES","sc/buildings.sc","darkelixir_storage_level3",350,60,4,,"Dark Elixir Storage",,9,40,
"DestroyClanCastlesRush","DestroyBuilding","Accumulative","Rush","TID_CLANGAMES_TASK_DESTROY_CLANCASTLES","TID_CLANGAMES_TASK_INFO_DESTROY_CLANCASTLES","sc/buildings.sc","alliance_castle_lvl2",350,60,4,,"Alliance Castle",,9,40,
"DestroyLaboratoriesRush","DestroyBuilding","Accumulative","Rush","TID_CLANGAMES_TASK_DESTROY_LABORATORIES","TID_CLANGAMES_TASK_INFO_DESTROY_LABORATORIES","sc/buildings.sc","laboratory_lvl6",250,60,4,,"Laboratory",,9,30,
"DestroySpellFactoriesRush","DestroyBuilding","Accumulative","Rush","TID_CLANGAMES_TASK_DESTROY_SPELLFACTORIES","TID_CLANGAMES_TASK_INFO_DESTROY_SPELLFACTORIES","sc/buildings.sc","spell_factory_lvl3",250,60,4,,"Spell Forge",,9,30,
"DestroyDarkSpellFactoriesRush","DestroyBuilding","Accumulative","Rush","TID_CLANGAMES_TASK_DESTROY_DARKSPELLFACTORIES","TID_CLANGAMES_TASK_INFO_DESTROY_DARKSPELLFACTORIES","sc/buildings.sc","mini_spell_distillery_lvl1",250,60,4,,"Mini Spell Factory",,9,30,
"DestroyAirSweepersRush","DestroyBuilding","Accumulative","Rush","TID_CLANGAMES_TASK_DESTROY_AIRSWEEPERS","TID_CLANGAMES_TASK_INFO_DESTROY_AIRSWEEPERS","sc/buildings.sc","air_mortar_lvl2",350,60,4,,"Air Blaster",,9,40,
"DestroyAirDefensesRush","DestroyBuilding","Accumulative","Rush","TID_CLANGAMES_TASK_DESTROY_AIRDEFENSES","TID_CLANGAMES_TASK_INFO_DESTROY_AIRDEFENSES","sc/buildings.sc","fireworks_tower_lvl6",350,60,8,,"Air Defense",,9,40,
"DestroyInfernoTowersRush","DestroyBuilding","Accumulative","Rush","TID_CLANGAMES_TASK_DESTROY_INFERNOTOWERS","TID_CLANGAMES_TASK_INFO_DESTROY_INFERNOTOWERS","sc/buildings.sc","dark_tower_lvl2",350,60,4,,"Dark Tower",,9,40,
"DestroyBombTowersRush","DestroyBuilding","Accumulative","Rush","TID_CLANGAMES_TASK_DESTROY_BOMBTOWERS","TID_CLANGAMES_TASK_INFO_DESTROY_BOMBTOWERS","sc/buildings.sc","bomb_tower_lvl1",250,60,4,,"Bomb Tower",,9,30,
"DestroyTeslaTowersRush","DestroyBuilding","Accumulative","Rush","TID_CLANGAMES_TASK_DESTROY_TESLATOWERS","TID_CLANGAMES_TASK_INFO_DESTROY_TESLATOWERS","sc/buildings.sc","teslatower_lvl5_setup",350,60,8,,"Tesla Tower",,9,40,
"DestroyXbowsRush","DestroyBuilding","Accumulative","Rush","TID_CLANGAMES_TASK_DESTROY_XBOWS","TID_CLANGAMES_TASK_INFO_DESTROY_XBOWS","sc/buildings.sc","rapidfire_turret_lvl1",350,60,8,,"Bow",,9,40,
"DestroyKingAltarsRush","DestroyBuilding","Accumulative","Rush","TID_CLANGAMES_TASK_DESTROY_KINGALTARS","TID_CLANGAMES_TASK_INFO_DESTROY_KINGALTARS","sc/buildings.sc","heroaltar_barbarian_king_lvl1",250,60,4,,"Hero Altar Barbarian King",,9,30,
"DestroyQueenAltarsRush","DestroyBuilding","Accumulative","Rush","TID_CLANGAMES_TASK_DESTROY_QUEENALTARS","TID_CLANGAMES_TASK_INFO_DESTROY_QUEENALTARS","sc/buildings.sc","heroaltar_archer_queen_lvl1",250,60,4,,"Hero Altar Archer Queen",,9,30,
"DestroyWardenAltarsRush","DestroyBuilding","Accumulative","Rush","TID_CLANGAMES_TASK_DESTROY_WARDENALTARS","TID_CLANGAMES_TASK_INFO_DESTROY_WARDENALTARS","sc/buildings.sc","heroaltar_elder_lvl1",250,60,4,,"Hero Altar Grand Warden",,9,30,
"LootGoldRush","LootResources","Accumulative","Rush","TID_CLANGAMES_TASK_LOOT_GOLD","TID_CLANGAMES_TASK_INFO_LOOT_GOLD","sc/ui.sc","Home_Loot_Gold",350,60,1000000,,"Gold",,30,40,
"LootElixirRush","LootResources","Accumulative","Rush","TID_CLANGAMES_TASK_LOOT_ELIXIR","TID_CLANGAMES_TASK_INFO_LOOT_ELIXIR","sc/ui.sc","Home_Loot_Elixir",350,60,1000000,,"Elixir",,30,40,
"LootDarkElixirRush","LootResources","Accumulative","Rush","TID_CLANGAMES_TASK_LOOT_DARKELIXIR","TID_CLANGAMES_TASK_INFO_LOOT_DARKELIXIR","sc/ui.sc","Home_Loot_DarkElixir",350,60,10000,,"DarkElixir",,20,40,
"WinHomeBattlesInRowRush","WinHomeBattles","Consecutive","Rush","TID_CLANGAMES_TASK_WIN_HOMEBATTLESINROW","TID_CLANGAMES_TASK_INFO_WIN_HOMEBATTLESINROW","sc/ui.sc","Home_Win_Battles_Icon",350,60,4,,,,16,40,
"DestroyTownHall2Rush","DestroyBuilding","Accumulative","Rush","TID_CLANGAMES_TASK_DESTROY_BB_BUILDERHALL","TID_CLANGAMES_TASK_INFO_DESTROY_BB_BUILDERHALL","sc/buildings2.sc","new_TH_lvl3",350,60,6,,"Town Hall2",,14,40,
"DestroyAirDefenseMiniRush","DestroyBuilding","Accumulative","Rush","TID_CLANGAMES_TASK_DESTROY_BB_FIRECRACKERS","TID_CLANGAMES_TASK_INFO_DESTROY_BB_FIRECRACKERS","sc/buildings2.sc","airDefence_box_lvl4",350,60,12,,"Air Defense Mini",,14,40,
"DestroyAirDefense2Rush","DestroyBuilding","Accumulative","Rush","TID_CLANGAMES_TASK_DESTROY_BB_AIRBOMBS","TID_CLANGAMES_TASK_INFO_DESTROY_BB_AIRBOMBS","sc/buildings2.sc","airDefence_factory_lvl4",350,60,6,,"Air Defense2",,14,40,
"DestroyClockTowerRush","DestroyBuilding","Accumulative","Rush","TID_CLANGAMES_TASK_DESTROY_BB_CLOCKTOWER","TID_CLANGAMES_TASK_INFO_DESTROY_BB_CLOCKTOWER","sc/buildings2.sc","clocktower_lvl2",275,60,6,,"Clock Tower",,14,30,
"DestroyCrusherRush","DestroyBuilding","Accumulative","Rush","TID_CLANGAMES_TASK_DESTROY_BB_CRUSHER","TID_CLANGAMES_TASK_INFO_DESTROY_BB_CRUSHER","sc/buildings2.sc","Crusher_lvl2",350,60,6,,"Crusher",,14,40,
"DestroyDoubleCannonRush","DestroyBuilding","Accumulative","Rush","TID_CLANGAMES_TASK_DESTROY_BB_DOUBLECANNON","TID_CLANGAMES_TASK_INFO_DESTROY_BB_DOUBLECANNON","sc/buildings2.sc","doubleCannon_lvl2",350,60,12,,"Double Cannon",,14,40,
"DestroyFlamerRush","DestroyBuilding","Accumulative","Rush","TID_CLANGAMES_TASK_DESTROY_BB_ROASTER","TID_CLANGAMES_TASK_INFO_DESTROY_BB_ROASTER","sc/buildings2.sc","Flamer_lvl2",350,60,6,,"Flamer",,14,40,
"DestroyGemMineRush","DestroyBuilding","Accumulative","Rush","TID_CLANGAMES_TASK_DESTROY_BB_GEMMINE","TID_CLANGAMES_TASK_INFO_DESTROY_BB_GEMMINE","sc/buildings2.sc","gem_mine_lvl2",275,60,6,,"Gem Mine",,14,30,
"DestroyGiantCannonRush","DestroyBuilding","Accumulative","Rush","TID_CLANGAMES_TASK_DESTROY_BB_GIANTCANNON","TID_CLANGAMES_TASK_INFO_DESTROY_BB_GIANTCANNON","sc/buildings2.sc","megaCannon_lvl4",350,60,6,,"Giant Cannon",,14,40,
"DestroyGuardPostRush","DestroyBuilding","Accumulative","Rush","TID_CLANGAMES_TASK_DESTROY_BB_GUARDPOST","TID_CLANGAMES_TASK_INFO_DESTROY_BB_GUARDPOST","sc/buildings2.sc","GuardPost_lvl4",350,60,6,,"Guard Post",,14,40,
"DestroyLaboratory2Rush","DestroyBuilding","Accumulative","Rush","TID_CLANGAMES_TASK_DESTROY_BB_STARLABORATORY","TID_CLANGAMES_TASK_INFO_DESTROY_BB_STARLABORATORY","sc/buildings2.sc","Telescope_lvl5",275,60,6,,"Laboratory2",,14,30,
"DestroyMultiMortarRush","DestroyBuilding","Accumulative","Rush","TID_CLANGAMES_TASK_DESTROY_BB_MULTIMORTAR","TID_CLANGAMES_TASK_INFO_DESTROY_BB_MULTIMORTAR","sc/buildings2.sc","multi_mortar_lvl4",350,60,6,,"Multi Mortar",,14,40,
"WinHomeBattle3StarsVersusTownHall11Regular","GetHomeBattleStarsVersusTownHall","Accumulative","Regular","TID_CLANGAMES_TASK_WIN_STARS_VS_TOWNHALL_11","TID_CLANGAMES_TASK_INFO_WIN_STARS_VS_TOWNHALL_11","sc/buildings.sc","town_hall_lvl11",150,480,3,11,,,180,10,
"WinHomeBattle3StarsVersusTownHall10Regular","GetHomeBattleStarsVersusTownHall","Accumulative","Regular","TID_CLANGAMES_TASK_WIN_STARS_VS_TOWNHALL_10","TID_CLANGAMES_TASK_INFO_WIN_STARS_VS_TOWNHALL_10","sc/buildings.sc","town_hall_lvl10",150,480,3,10,,,180,10,
"WinHomeBattle3StarsVersusTownHall9Regular","GetHomeBattleStarsVersusTownHall","Accumulative","Regular","TID_CLANGAMES_TASK_WIN_STARS_VS_TOWNHALL_9","TID_CLANGAMES_TASK_INFO_WIN_STARS_VS_TOWNHALL_9","sc/buildings.sc","town_hall_lvl9",150,480,3,9,,,180,10,
"WinHomeBattle3StarsVersusTownHall8Regular","GetHomeBattleStarsVersusTownHall","Accumulative","Regular","TID_CLANGAMES_TASK_WIN_STARS_VS_TOWNHALL_8","TID_CLANGAMES_TASK_INFO_WIN_STARS_VS_TOWNHALL_8","sc/buildings.sc","town_hall_lvl8",150,480,3,8,,,180,10,
"WinHomeBattle3StarsVersusTownHall7Regular","GetHomeBattleStarsVersusTownHall","Accumulative","Regular","TID_CLANGAMES_TASK_WIN_STARS_VS_TOWNHALL_7","TID_CLANGAMES_TASK_INFO_WIN_STARS_VS_TOWNHALL_7","sc/buildings.sc","town_hall_lvl7",150,480,3,7,,,180,10,
"WinHomeBattle3StarsVersusTownHall6Regular","GetHomeBattleStarsVersusTownHall","Accumulative","Regular","TID_CLANGAMES_TASK_WIN_STARS_VS_TOWNHALL_6","TID_CLANGAMES_TASK_INFO_WIN_STARS_VS_TOWNHALL_6","sc/buildings.sc","town_hall_lvl6",150,480,3,6,,,180,10,
"GetHomeBattleStarsNoSpellsRegular","GetHomeBattleStarsNoSpells","Accumulative","Regular","TID_CLANGAMES_TASK_WIN_STARS_WITHOUT_SPELLS","TID_CLANGAMES_TASK_INFO_WIN_STARS_WITHOUT_SPELLS","sc/ui.sc","No_Spells_Icon",200,480,3,,,,180,20,
"GetHomeBattleStarsNoHeroesRegular","GetHomeBattleStarsNoHeroes","Accumulative","Regular","TID_CLANGAMES_TASK_WIN_STARS_WITHOUT_HEROES","TID_CLANGAMES_TASK_INFO_WIN_STARS_WITHOUT_HEROES","sc/ui.sc","No_Heroes_Icon",200,480,3,,,,180,20,
"GetHomeBattleStarsVersusHigherTownHallRegular","GetHomeBattleStarsVersusHigherTownHall","Accumulative","Regular","TID_CLANGAMES_TASK_WIN_STARS_VS_HIGHER_TOWNHALL","TID_CLANGAMES_TASK_INFO_WIN_STARS_VS_HIGHER_TOWNHALL","sc/ui.sc","Higher_TH_Kill_Icon",200,480,3,,,,180,20,
"WinWarStarsRegular","WinWarStars","Accumulative","Regular","TID_CLANGAMES_TASK_WIN_WARSTARS","TID_CLANGAMES_TASK_INFO_WIN_WARSTARS","sc/ui.sc","Home_Collect_War_Stars_Icon",300,2880,3,,,,180,30,
"WinHomeBattleVersusLeagueTitanRegular","GetHomeBattleStarsVersusLeague","Accumulative","Regular","TID_CLANGAMES_TASK_WIN_STARS_VS_TITANLEAGUE","TID_CLANGAMES_TASK_INFO_WIN_STARS_VS_TITANLEAGUE","sc/ui.sc","Titan_League_Wins_Icon",300,480,2,,"Hero3",,180,30,
"GetHeroLevelKillsBarbarianKingRegular","GetHeroLevelKills","Accumulative","Regular","TID_CLANGAMES_TASK_GET_LEVELKILLS_VS_BARBARIANKING","TID_CLANGAMES_TASK_INFO_GET_LEVELKILLS_VS_BARBARIANKING","sc/ui.sc","Stun_BK_Icon",150,480,50,,"Barbarian King",,180,10,
"GetHeroLevelKillsArcherQueenRegular","GetHeroLevelKills","Accumulative","Regular","TID_CLANGAMES_TASK_GET_LEVELKILLS_VS_ARCHERQUEEN","TID_CLANGAMES_TASK_INFO_GET_LEVELKILLS_VS_ARCHERQUEEN","sc/ui.sc","Stun_AQ_Icon",150,480,50,,"Archer Queen",,180,10,
"GetHeroLevelKillsGrandWardenRegular","GetHeroLevelKills","Accumulative","Regular","TID_CLANGAMES_TASK_GET_LEVELKILLS_VS_GRANDWARDEN","TID_CLANGAMES_TASK_INFO_GET_LEVELKILLS_VS_GRANDWARDEN","sc/ui.sc","Stun_Elder_Icon",150,480,20,,"Grand Warden",,180,10,
"GetHeroLevelKillsAllHeroesRegular","GetHeroLevelKills","Accumulative","Regular","TID_CLANGAMES_TASK_GET_LEVELKILLS_VS_ALLHEROES","TID_CLANGAMES_TASK_INFO_GET_LEVELKILLS_VS_ALLHEROES","sc/ui.sc","Stun_All_Heroes_Icon",150,480,100,,,,180,10,
"UseMegaPekkas","WinStarsUsingTroop","Accumulative","Regular","TID_CLANGAMES_TASK_USE_MEGAPEKKA","TID_CLANGAMES_TASK_INFO_USE_MEGAPEKKA","sc/ui.sc","icon_unit_electric_pekka",100,480,3,1,"PEKKA2",,54,10,
"DestroyMegaTeslaIntense","DestroyBuilding","Accumulative","Intense","TID_CLANGAMES_TASK_DESTROY_BB_MEGATESLA","TID_CLANGAMES_TASK_INFO_DESTROY_BB_MEGATESLA","sc/buildings2.sc","mega_tesla_lvl4",250,60,4,,"Mega Tesla",,14,30,
"DestroyMegaTeslaRush","DestroyBuilding","Accumulative","Rush","TID_CLANGAMES_TASK_DESTROY_BB_MEGATESLA","TID_CLANGAMES_TASK_INFO_DESTROY_BB_MEGATESLA","sc/buildings2.sc","mega_tesla_lvl4",350,60,6,,"Mega Tesla",,9,40,
"DestroyMegaTesla","DestroyBuilding","Accumulative","Regular","TID_CLANGAMES_TASK_DESTROY_BB_MEGATESLA","TID_CLANGAMES_TASK_INFO_DESTROY_BB_MEGATESLA","sc/buildings2.sc","mega_tesla_lvl4",100,480,3,,"Mega Tesla",,27,10,
"WinHomeBattle3StarsVersusTownHall12Regular","GetHomeBattleStarsVersusTownHall","Accumulative","Regular","TID_CLANGAMES_TASK_WIN_STARS_VS_TOWNHALL_12","TID_CLANGAMES_TASK_INFO_WIN_STARS_VS_TOWNHALL_12","sc/buildings.sc","town_hall_lvl12_t5",150,480,3,12,,,180,10,
"UseSiegeRams","WinStarsUsingTroop","Accumulative","Regular","TID_CLANGAMES_TASK_USE_SIEGERAMS","TID_CLANGAMES_TASK_INFO_USE_SIEGERAMS","sc/ui.sc","icon_unit_siege_machine_ram",200,480,3,1,"Siege Machine Ram",,36,20,
"UseSiegeZeppelins","WinStarsUsingTroop","Accumulative","Regular","TID_CLANGAMES_TASK_USE_SIEGEZEPPELINS","TID_CLANGAMES_TASK_INFO_USE_SIEGEZEPPELINS","sc/ui.sc","icon_unit_siege_machine_flyer",200,480,3,1,"Siege Machine Flyer",,36,20,
"UseElectroDragon","WinStarsUsingTroop","Accumulative","Regular","TID_CLANGAMES_TASK_USE_ELECTRODRAGON","TID_CLANGAMES_TASK_INFO_USE_ELECTRODRAGON","sc/ui.sc","icon_unit_lightningDragon",100,480,3,2,"Electro Dragon",,36,10,
"DestroyHomeBuildingsRegular","DestroyHomeBuildings","Accumulative","Regular","TID_CLANGAMES_TASK_DESTROY_MV_BUILDINGS","TID_CLANGAMES_TASK_INFO_DESTROY_MV_BUILDINGS","sc/ui.sc","Home_Destroy_Buidings_Icon",100,480,50,,,,180,10,
"DestroyHomeBuildingsIntense","DestroyHomeBuildings","Accumulative","Intense","TID_CLANGAMES_TASK_DESTROY_MV_BUILDINGS","TID_CLANGAMES_TASK_INFO_DESTROY_MV_BUILDINGS","sc/ui.sc","Home_Destroy_Buidings_Icon",250,60,150,,,,36,30,
"DestroyHomeBuildingsEpic","DestroyHomeBuildings","Accumulative","Epic","TID_CLANGAMES_TASK_DESTROY_MV_BUILDINGS","TID_CLANGAMES_TASK_INFO_DESTROY_MV_BUILDINGS","sc/ui.sc","Home_Destroy_Buidings_Icon",500,1440,250,,,,36,60,
"DestroyHomeWallsRegular","DestroyHomeWalls","Accumulative","Regular","TID_CLANGAMES_TASK_DESTROY_MV_WALLS","TID_CLANGAMES_TASK_INFO_DESTROY_MV_WALLS","sc/ui.sc","Home_Destroy_Walls_Icon",100,480,25,,,,72,10,
"DestroyHomeWallsIntense","DestroyHomeWalls","Accumulative","Intense","TID_CLANGAMES_TASK_DESTROY_MV_WALLS","TID_CLANGAMES_TASK_INFO_DESTROY_MV_WALLS","sc/ui.sc","Home_Destroy_Walls_Icon",250,60,75,,,,90,30,
"DestroyHomeWallsEpic","DestroyHomeWalls","Accumulative","Epic","TID_CLANGAMES_TASK_DESTROY_MV_WALLS","TID_CLANGAMES_TASK_INFO_DESTROY_MV_WALLS","sc/ui.sc","Home_Destroy_Walls_Icon",500,1440,125,,,,90,60,
"DestroyBuilderBuildingsRegular","DestroyBuilderBuildings","Accumulative","Regular","TID_CLANGAMES_TASK_DESTROY_BB_BUILDINGS","TID_CLANGAMES_TASK_INFO_DESTROY_BB_BUILDINGS","sc/ui.sc","Home_Destroy_Buidings_Icon",100,480,50,,,,180,10,
"DestroyBuilderBuildingsIntense","DestroyBuilderBuildings","Accumulative","Intense","TID_CLANGAMES_TASK_DESTROY_BB_BUILDINGS","TID_CLANGAMES_TASK_INFO_DESTROY_BB_BUILDINGS","sc/ui.sc","Home_Destroy_Buidings_Icon",250,60,150,,,,90,30,
"DestroyBuilderBuildingsEpic","DestroyBuilderBuildings","Accumulative","Epic","TID_CLANGAMES_TASK_DESTROY_BB_BUILDINGS","TID_CLANGAMES_TASK_INFO_DESTROY_BB_BUILDINGS","sc/ui.sc","Home_Destroy_Buidings_Icon",500,1440,250,,,,90,60,
"DestroyBuilderWallsRegular","DestroyBuilderWalls","Accumulative","Regular","TID_CLANGAMES_TASK_DESTROY_BB_WALLS","TID_CLANGAMES_TASK_INFO_DESTROY_BB_WALLS","sc/ui.sc","Home_Destroy_Walls_Icon",100,480,150,,,,180,10,
"DestroyBuilderWallsIntense","DestroyBuilderWalls","Accumulative","Intense","TID_CLANGAMES_TASK_DESTROY_BB_WALLS","TID_CLANGAMES_TASK_INFO_DESTROY_BB_WALLS","sc/ui.sc","Home_Destroy_Walls_Icon",250,60,250,,,,90,30,
"DestroyBuilderWallsEpic","DestroyBuilderWalls","Accumulative","Epic","TID_CLANGAMES_TASK_DESTROY_BB_WALLS","TID_CLANGAMES_TASK_INFO_DESTROY_BB_WALLS","sc/ui.sc","Home_Destroy_Walls_Icon",500,1440,350,,,,90,60,
"GetHomeStarsUnderTimeLimitRegular","GetHomeStarsUnderTimeLimit","Accumulative","Regular","TID_CLANGAMES_TASK_SPEEDY_STARS_MV","TID_CLANGAMES_TASK_INFO_SPEEDY_STARS_MV","sc/ui.sc","Home_Time_Stars_Icon",250,480,3,60,,,180,30,
"GetBuilderStarsUnderTimeLimitRegular","GetBuilderStarsUnderTimeLimit","Accumulative","Regular","TID_CLANGAMES_TASK_SPEEDY_STARS_BB","TID_CLANGAMES_TASK_INFO_SPEEDY_STARS_BB","sc/ui.sc","Builder_Time_Stars_Icon",250,480,3,60,,,270,30,
"WinHomeBattleVersusLeagueLegendRegular","GetHomeBattleStarsVersusLeague","Accumulative","Regular","TID_CLANGAMES_TASK_WIN_STARS_VS_LEGENDLEAGUE","TID_CLANGAMES_TASK_INFO_WIN_STARS_VS_LEGENDLEAGUE","sc/ui.sc","Legend_League_Wins_Icon",450,480,2,,"Legendary",,180,50,
