"Name","TID","InfoTID","Speed","Hitpoints","UpgradeTimeH","UpgradeResource","UpgradeCost","RequiredTownHallLevel","AttackRange","AttackSpeed","CoolDownOverride","DPS","PreferedTargetDamageMod","DamageRadius","IconSWF","IconExportName","BigPicture","BigPictureSWF","SmallPicture","SmallPictureSWF","Projectile","RageProjectile","PreferedTargetBuilding","DeployEffect","AttackEffect","AttackEffectAlt","HitEffect","HitEffectActive","IsFlying","AirTargets","GroundTargets","IsJumper","AttackCount","DieEffect","Animation","ActivationTime","ActiveDuration","AbilityAttackCount","AnimationActivated","MaxSearchRadiusForDefender","HousingSpace","SpecialAbilityEffect","RegenerationTimeMinutes","TrainingTime","TrainingResource","TrainingCost","CelebrateEffect","SleepOffsetX","SleepOffsetY","PatrolRadius","AbilityTriggerEffect","AbilityAffectsHero","AbilityAffectsCharacter","AbilityRadius","AbilityTime","AbilityOnce","AbilityCooldown","AbilitySpeedBoost","AbilitySpeedBoost2","AbilityDamageBoostPercent","AbilitySummonTroop","AbilitySummonTroopCount","AbilityStealth","AbilityDamageBoostOffset","AbilityHealthIncrease","AbilityShieldProjectileSpeed","AbilityShieldProjectileDamageMod","AbilityTID","AbilityDescTID","AbilityIcon","AbilityBigPictureExportName","AbilityDelay","StrengthWeight","StrengthWeight2","AlertRadius","Scale","AuraSpell","AuraSpellLevel","AuraTID","AuraDescTID","AuraBigPictureExportName","AbilitySpell","AbilitySpellLevel","RetributionSpell","RetributionSpellLevel","RetributionSpellTriggerHealth","HasAltMode","AltModeFlying","AltModeAnimation","PreferedTargetBuildingClass","NoAttackOverWalls","TargetGroups","FightWithGroups","TargetGroupsRadius","TargetGroupsRange","TargetGroupsMinWeight","SmoothJump","WakeUpSpeed","WakeUpSpace","FriendlyGroupWeight","EnemyGroupWeight","AttackEffectShared","TargetedEffectOffset","TriggersTraps","VillageType","NoDefence","PreAttackEffect","AbilityAffectsSummonedUnits","DefaultSkin","AbilityProjectile","AbilityProjectileBounces","AbilityProjectileRange","AbilityProjectileCount","UseAutoHeroAbility","NewTargetAttackDelay","AbilityDamage","Gender"
"String","String","String","int","int","int","String","int","int","int","int","int","int","int","int","String","String","String","String","String","String","String","String","String","String","String","String","String","String","boolean","boolean","boolean","boolean","int","String","String","int","int","int","String","int","int","String","int","int","String","int","String","int","int","int","String","boolean","String","int","int","boolean","int","int","int","int","String","int","boolean","int","int","int","int","String","String","String","String","int","int","int","int","int","String","int","String","String","String","String","int","String","int","int","boolean","boolean","String","String","boolean","boolean","boolean","int","int","int","boolean","int","int","int","int","String","int","boolean","int","boolean","String","boolean","String","String","int","int","int","boolean","int","int","String"
"Barbarian King","TID_BARBARIAN_KING","TID_HERO_INSTRUCTIONS_BARBARIAN",200,1700,12,"DarkElixir",12500,7,100,1200,,120,1,,"sc/ui.sc","icon_hero_barbarianKing","unit_barbarianKing_big","sc/info_barbarian.sc","unit_barbarianKing_small","sc/ui.sc",,,,"Hero Deploy",,,"Barbarian King Hit",,"FALSE","FALSE","TRUE","FALSE",,,,,,,,900,25,"Building Ready",10,,"Elixir",,"Barbarian King Scream",70,-40,300,,"TRUE",,,0,"TRUE",0,0,0,0,"Barbarian",0,,0,0,,,"TID_HERO_ABILITY_BARBARIAN_TITLE","TID_HERO_ABILITY_BARBARIAN_DESC","icon_hero_barbarianKing_ability1","unit_barbarianKing_ability_big",0,20,10,1200,,,,,,,,,,,,,,,,,,,,,,,,,3000,2500,,-50,"TRUE",,,,"TRUE","BarbarianKingDefault",,,,,"TRUE",,,"M"
,,,,1742,12,,15000,7,,,,122,,,,,,,,,,,,,,,,,,,,,,,,,,,,,,,10,,,,,,,,,,,,0,,,0,0,0,,0,,0,0,,,,,,,,20,10,,,,,,,,,,,,,,,,,,,,,,,,,,,,,,,,,,,,,,,,,,,
,,,,1786,24,,17500,7,,,,124,,,,,,,,,,,,,,,,,,,,,,,,,,,,,,,10,,,,,,,,,,,,0,,,0,0,0,,0,,0,0,,,,,,,,20,10,,,,,,,,,,,,,,,,,,,,,,,,,,,,,,,,,,,,,,,,,,,
,,,,1830,24,,20000,7,,,,127,,,,,,,,,,,,,,,,,,,,,,,,,,,,,,,10,,,,,,,,,,,,0,,,0,0,0,,0,,0,0,,,,,,,,20,10,,,,,,,,,,,,,,,,,,,,,,,,,,,,,,,,,,,,,,,,,,,
,,,,1876,24,,22500,7,,,,129,,,,,,,,,,,,,,,,,,,,,,,,,,,,,,,13,,,,,,,,,,,,10000,,,18,9,120,,6,,56,500,,,,,,,,21,11,,,,,,,,,,,,,,,,,,,,,,,,,,,,,,,,,,,,,,,,,,,
,,,,1923,36,,25000,8,,,,132,,,,,,,,,,,,,,,,,,,,,,,,,,,,,,,13,,,,,,,,,,,,10000,,,18,9,120,,6,,56,500,,,,,,,,21,11,,,,,,,,,,,,,,,,,,,,,,,,,,,,,,,,,,,,,,,,,,,
,,,,1971,36,,27500,8,,,,135,,,,,,,,,,,,,,,,,,,,,,,,,,,,,,,13,,,,,,,,,,,,10000,,,18,9,120,,6,,56,500,,,,,,,,21,11,,,,,,,,,,,,,,,,,,,,,,,,,,,,,,,,,,,,,,,,,,,
,,,,2020,36,,30000,8,,,,137,,,,,,,,,,,,,,,,,,,,,,,,,,,,,,,13,,,,,,,,,,,,10000,,,18,9,120,,6,,56,500,,,,,,,,21,11,,,,,,,,,,,,,,,,,,,,,,,,,,,,,,,,,,,,,,,,,,,
,,,,2071,48,,32500,8,,,,140,,,,,,,,,,,,,,,,,,,,,,,,,,,,,,,13,,,,,,,,,,,,10000,,,18,9,120,,6,,56,500,,,,,,,,21,11,,,,,,,,,,,,,,,,,,,,,,,,,,,,,,,,,,,,,,,,,,,
,,,,2123,48,,35000,8,,,,143,,,,,,,,,,,,,,,,,,,,,,,,,,,,,,,16,,,,,,,,,,,,10000,,,19,9,124,,8,,101,620,,,,,,,,22,12,,,,,,,,,,,,,,,,,,,,,,,,,,,,,,,,,,,,,,,,,,,
,,,,2176,48,,39000,9,,,,146,,,,,,,,,,,,,,,,,,,,,,,,,,,,,,,16,,,,,,,,,,,,10000,,,19,9,124,,8,,101,620,,,,,,,,22,12,,,,,,,,,,,,,,,,,,,,,,,,,,,,,,,,,,,,,,,,,,,
,,,,2230,60,,43000,9,,,,149,,,,,,,,,,,,,,,,,,,,,,,,,,,,,,,16,,,,,,,,,,,,10000,,,19,9,124,,8,,101,620,,,,,,,,22,12,,,,,,,,,,,,,,,,,,,,,,,,,,,,,,,,,,,,,,,,,,,
,,,,2286,60,,47000,9,,,,152,,,,,,,,,,,,,,,,,,,,,,,,,,,,,,,16,,,,,,,,,,,,10000,,,19,9,124,,8,,101,620,,,,,,,,22,12,,,,,,,,,,,,,,,,,,,,,,,,,,,,,,,,,,,,,,,,,,,
,,,,2343,60,,51000,9,,,,155,,,,,,,,,,,,,,,,,,,,,,,,,,,,,,,16,,,,,,,,,,,,10000,,,19,9,124,,8,,101,620,,,,,,,,22,12,,,,,,,,,,,,,,,,,,,,,,,,,,,,,,,,,,,,,,,,,,,
,,,,2402,72,,55000,9,,,,158,,,,,,,,,,,,,,,,,,,,,,,,,,,,,,,19,,,,,,,,,,,,10000,,,20,10,128,,10,,147,752,,,,,,,,23,13,,,,,,,,,,,,,,,,,,,,,,,,,,,,,,,,,,,,,,,,,,,
,,,,2462,72,,60000,9,,,,161,,,,,,,,,,,,,,,,,,,,,,,,,,,,,,,19,,,,,,,,,,,,10000,,,20,10,128,,10,,147,752,,,,,,,,23,13,,,,,,,,,,,,,,,,,,,,,,,,,,,,,,,,,,,,,,,,,,,
,,,,2523,72,,65000,9,,,,164,,,,,,,,,,,,,,,,,,,,,,,,,,,,,,,19,,,,,,,,,,,,10000,,,20,10,128,,10,,147,752,,,,,,,,23,13,,,,,,,,,,,,,,,,,,,,,,,,,,,,,,,,,,,,,,,,,,,
,,,,2586,84,,70000,9,,,,168,,,,,,,,,,,,,,,,,,,,,,,,,,,,,,,19,,,,,,,,,,,,10000,,,20,10,128,,10,,147,752,,,,,,,,23,13,,,,,,,,,,,,,,,,,,,,,,,,,,,,,,,,,,,,,,,,,,,
,,,,2651,84,,75000,9,,,,171,,,,,,,,,,,,,,,,,,,,,,,,,,,,,,,19,,,,,,,,,,,,10000,,,20,10,128,,10,,147,752,,,,,,,,23,13,,,,,,,,,,,,,,,,,,,,,,,,,,,,,,,,,,,,,,,,,,,
,,,,2717,84,,80000,9,,,,174,,,,,,,,,,,,,,,,,,,,,,,,,,,,,,,22,,,,,,,,,,,,10000,,,21,10,132,,12,,195,899,,,,,,,,24,14,,,,,,,,,,,,,,,,,,,,,,,,,,,,,,,,,,,,,,,,,,,
,,,,2785,96,,85000,9,,,,178,,,,,,,,,,,,,,,,,,,,,,,,,,,,,,,22,,,,,,,,,,,,10000,,,21,10,132,,12,,195,899,,,,,,,,24,14,,,,,,,,,,,,,,,,,,,,,,,,,,,,,,,,,,,,,,,,,,,
,,,,2855,96,,90000,9,,,,181,,,,,,,,,,,,,,,,,,,,,,,,,,,,,,,22,,,,,,,,,,,,10000,,,21,10,132,,12,,195,899,,,,,,,,24,14,,,,,,,,,,,,,,,,,,,,,,,,,,,,,,,,,,,,,,,,,,,
,,,,2926,96,,95000,9,,,,185,,,,,,,,,,,,,,,,,,,,,,,,,,,,,,,22,,,,,,,,,,,,10000,,,21,10,132,,12,,195,899,,,,,,,,24,14,,,,,,,,,,,,,,,,,,,,,,,,,,,,,,,,,,,,,,,,,,,
,,,,2999,108,,100000,9,,,,189,,,,,,,,,,,,,,,,,,,,,,,,,,,,,,,22,,,,,,,,,,,,10000,,,21,10,132,,12,,195,899,,,,,,,,24,14,,,,,,,,,,,,,,,,,,,,,,,,,,,,,,,,,,,,,,,,,,,
,,,,3074,108,,105000,9,,,,193,,,,,,,,,,,,,,,,,,,,,,,,,,,,,,,25,,,,,,,,,,,,10000,,,22,11,136,,14,,245,1063,,,,,,,,25,15,,,,,,,,,,,,,,,,,,,,,,,,,,,,,,,,,,,,,,,,,,,
,,,,3151,108,,110000,9,,,,196,,,,,,,,,,,,,,,,,,,,,,,,,,,,,,,25,,,,,,,,,,,,10000,,,22,11,136,,14,,245,1063,,,,,,,,25,15,,,,,,,,,,,,,,,,,,,,,,,,,,,,,,,,,,,,,,,,,,,
,,,,3230,120,,115000,9,,,,200,,,,,,,,,,,,,,,,,,,,,,,,,,,,,,,25,,,,,,,,,,,,10000,,,22,11,136,,14,,245,1063,,,,,,,,25,15,,,,,,,,,,,,,,,,,,,,,,,,,,,,,,,,,,,,,,,,,,,
,,,,3311,120,,120000,9,,,,204,,,,,,,,,,,,,,,,,,,,,,,,,,,,,,,25,,,,,,,,,,,,10000,,,22,11,136,,14,,245,1063,,,,,,,,25,15,,,,,,,,,,,,,,,,,,,,,,,,,,,,,,,,,,,,,,,,,,,
,,,,3394,120,,125000,9,,,,208,,,,,,,,,,,,,,,,,,,,,,,,,,,,,,,25,,,,,,,,,,,,10000,,,22,11,136,,14,,245,1063,,,,,,,,25,15,,,,,,,,,,,,,,,,,,,,,,,,,,,,,,,,,,,,,,,,,,,
,,,,3478,132,,129000,9,,,,213,,,,,,,,,,,,,,,,,,,,,,,,,,,,,,,28,,,,,,,,,,,,10000,,,23,11,140,,16,,298,1247,,,,,,,,26,16,,,,,,,,,,,,,,,,,,,,,,,,,,,,,,,,,,,,,,,,,,,
,,,,3565,132,,133000,10,,,,217,,,,,,,,,,,,,,,,,,,,,,,,,,,,,,,28,,,,,,,,,,,,10000,,,23,11,140,,16,,298,1247,,,,,,,,26,16,,,,,,,,,,,,,,,,,,,,,,,,,,,,,,,,,,,,,,,,,,,
,,,,3655,132,,137000,10,,,,221,,,,,,,,,,,,,,,,,,,,,,,,,,,,,,,28,,,,,,,,,,,,10000,,,23,11,140,,16,,298,1247,,,,,,,,26,16,,,,,,,,,,,,,,,,,,,,,,,,,,,,,,,,,,,,,,,,,,,
,,,,3746,144,,141000,10,,,,226,,,,,,,,,,,,,,,,,,,,,,,,,,,,,,,28,,,,,,,,,,,,10000,,,23,11,140,,16,,298,1247,,,,,,,,26,16,,,,,,,,,,,,,,,,,,,,,,,,,,,,,,,,,,,,,,,,,,,
,,,,3840,144,,145000,10,,,,230,,,,,,,,,,,,,,,,,,,,,,,,,,,,,,,28,,,,,,,,,,,,10000,,,23,11,140,,16,,298,1247,,,,,,,,26,16,,,,,,,,,,,,,,,,,,,,,,,,,,,,,,,,,,,,,,,,,,,
,,,,3936,144,,149000,10,,,,235,,,,,,,,,,,,,,,,,,,,,,,,,,,,,,,31,,,,,,,,,,,,10000,,,24,12,144,,18,,354,1455,,,,,,,,27,17,,,,,,,,,,,,,,,,,,,,,,,,,,,,,,,,,,,,,,,,,,,
,,,,4034,156,,153000,10,,,,239,,,,,,,,,,,,,,,,,,,,,,,,,,,,,,,31,,,,,,,,,,,,10000,,,24,12,144,,18,,354,1455,,,,,,,,27,17,,,,,,,,,,,,,,,,,,,,,,,,,,,,,,,,,,,,,,,,,,,
,,,,4135,156,,157000,10,,,,244,,,,,,,,,,,,,,,,,,,,,,,,,,,,,,,31,,,,,,,,,,,,10000,,,24,12,144,,18,,354,1455,,,,,,,,27,17,,,,,,,,,,,,,,,,,,,,,,,,,,,,,,,,,,,,,,,,,,,
,,,,4238,156,,161000,10,,,,249,,,,,,,,,,,,,,,,,,,,,,,,,,,,,,,31,,,,,,,,,,,,10000,,,24,12,144,,18,,354,1455,,,,,,,,27,17,,,,,,,,,,,,,,,,,,,,,,,,,,,,,,,,,,,,,,,,,,,
,,,,4344,168,,165000,10,,,,254,,,,,,,,,,,,,,,,,,,,,,,,,,,,,,,31,,,,,,,,,,,,10000,,,24,12,144,,18,,354,1455,,,,,,,,27,17,,,,,,,,,,,,,,,,,,,,,,,,,,,,,,,,,,,,,,,,,,,
,,,,4453,168,,170000,10,,,,259,,,,,,,,,,,,,,,,,,,,,,,,,,,,,,,34,,,,,,,,,,,,10000,,,25,12,150,,20,,414,1692,,,,,,,,28,18,,,,,,,,,,,,,,,,,,,,,,,,,,,,,,,,,,,,,,,,,,,
,,,,4564,168,,173000,11,,,,275,,,,,,,,,,,,,,,,,,,,,,,,,,,,,,,34,,,,,,,,,,,,10000,,,25,12,150,,20,,414,1692,,,,,,,,28,18,,,,,,,,,,,,,,,,,,,,,,,,,,,,,,,,,,,,,,,,,,,
,,,,4678,168,,176000,11,,,,281,,,,,,,,,,,,,,,,,,,,,,,,,,,,,,,34,,,,,,,,,,,,10000,,,25,12,150,,20,,414,1692,,,,,,,,28,18,,,,,,,,,,,,,,,,,,,,,,,,,,,,,,,,,,,,,,,,,,,
,,,,4795,168,,179000,11,,,,287,,,,,,,,,,,,,,,,,,,,,,,,,,,,,,,34,,,,,,,,,,,,10000,,,25,12,150,,20,,414,1692,,,,,,,,28,18,,,,,,,,,,,,,,,,,,,,,,,,,,,,,,,,,,,,,,,,,,,
,,,,4915,168,,182000,11,,,,293,,,,,,,,,,,,,,,,,,,,,,,,,,,,,,,34,,,,,,,,,,,,10000,,,25,12,150,,20,,414,1692,,,,,,,,28,18,,,,,,,,,,,,,,,,,,,,,,,,,,,,,,,,,,,,,,,,,,,
,,,,5038,168,,185000,11,,,,299,,,,,,,,,,,,,,,,,,,,,,,,,,,,,,,37,,,,,,,,,,,,10000,,,26,13,155,,22,,478,1963,,,,,,,,29,19,,,,,,,,,,,,,,,,,,,,,,,,,,,,,,,,,,,,,,,,,,,
,,,,5164,168,,188000,11,,,,305,,,,,,,,,,,,,,,,,,,,,,,,,,,,,,,37,,,,,,,,,,,,10000,,,26,13,155,,22,,478,1963,,,,,,,,29,19,,,,,,,,,,,,,,,,,,,,,,,,,,,,,,,,,,,,,,,,,,,
,,,,5293,168,,191000,11,,,,312,,,,,,,,,,,,,,,,,,,,,,,,,,,,,,,37,,,,,,,,,,,,10000,,,26,13,155,,22,,478,1963,,,,,,,,29,19,,,,,,,,,,,,,,,,,,,,,,,,,,,,,,,,,,,,,,,,,,,
,,,,5425,168,,194000,11,,,,318,,,,,,,,,,,,,,,,,,,,,,,,,,,,,,,37,,,,,,,,,,,,10000,,,26,13,155,,22,,478,1963,,,,,,,,29,19,,,,,,,,,,,,,,,,,,,,,,,,,,,,,,,,,,,,,,,,,,,
,,,,5561,168,,197000,11,,,,325,,,,,,,,,,,,,,,,,,,,,,,,,,,,,,,37,,,,,,,,,,,,10000,,,26,13,155,,22,,478,1963,,,,,,,,29,19,,,,,,,,,,,,,,,,,,,,,,,,,,,,,,,,,,,,,,,,,,,
,,,,5700,168,,200000,11,,,,332,,,,,,,,,,,,,,,,,,,,,,,,,,,,,,,40,,,,,,,,,,,,10000,,,27,14,160,,24,,546,2263,,,,,,,,30,20,,,,,,,,,,,,,,,,,,,,,,,,,,,,,,,,,,,,,,,,,,,
,,,,5843,168,,203000,12,,,,339,,,,,,,,,,,,,,,,,,,,,,,,,,,,,,,40,,,,,,,,,,,,10000,,,27,14,160,,24,,546,2263,,,,,,,,30,20,,,,,,,,,,,,,,,,,,,,,,,,,,,,,,,,,,,,,,,,,,,
,,,,5990,168,,206000,12,,,,346,,,,,,,,,,,,,,,,,,,,,,,,,,,,,,,40,,,,,,,,,,,,10000,,,27,14,160,,24,,546,2263,,,,,,,,30,20,,,,,,,,,,,,,,,,,,,,,,,,,,,,,,,,,,,,,,,,,,,
,,,,6140,168,,209000,12,,,,353,,,,,,,,,,,,,,,,,,,,,,,,,,,,,,,40,,,,,,,,,,,,10000,,,27,14,160,,24,,546,2263,,,,,,,,30,20,,,,,,,,,,,,,,,,,,,,,,,,,,,,,,,,,,,,,,,,,,,
,,,,6294,168,,212000,12,,,,361,,,,,,,,,,,,,,,,,,,,,,,,,,,,,,,40,,,,,,,,,,,,10000,,,27,14,160,,24,,546,2263,,,,,,,,30,20,,,,,,,,,,,,,,,,,,,,,,,,,,,,,,,,,,,,,,,,,,,
,,,,6452,168,,215000,12,,,,369,,,,,,,,,,,,,,,,,,,,,,,,,,,,,,,43,,,,,,,,,,,,10000,,,28,15,165,,26,,618,2592,,,,,,,,31,21,,,,,,,,,,,,,,,,,,,,,,,,,,,,,,,,,,,,,,,,,,,
,,,,6614,168,,218000,12,,,,377,,,,,,,,,,,,,,,,,,,,,,,,,,,,,,,43,,,,,,,,,,,,10000,,,28,15,165,,26,,618,2592,,,,,,,,31,21,,,,,,,,,,,,,,,,,,,,,,,,,,,,,,,,,,,,,,,,,,,
,,,,6780,168,,221000,12,,,,385,,,,,,,,,,,,,,,,,,,,,,,,,,,,,,,43,,,,,,,,,,,,10000,,,28,15,165,,26,,618,2592,,,,,,,,31,21,,,,,,,,,,,,,,,,,,,,,,,,,,,,,,,,,,,,,,,,,,,
,,,,6950,168,,224000,12,,,,393,,,,,,,,,,,,,,,,,,,,,,,,,,,,,,,43,,,,,,,,,,,,10000,,,28,15,165,,26,,618,2592,,,,,,,,31,21,,,,,,,,,,,,,,,,,,,,,,,,,,,,,,,,,,,,,,,,,,,
,,,,7124,168,,227000,12,,,,401,,,,,,,,,,,,,,,,,,,,,,,,,,,,,,,43,,,,,,,,,,,,10000,,,28,15,165,,26,,618,2592,,,,,,,,31,21,,,,,,,,,,,,,,,,,,,,,,,,,,,,,,,,,,,,,,,,,,,
,,,,7303,168,,230000,12,,,,410,,,,,,,,,,,,,,,,,,,,,,,,,,,,,,,46,,,,,,,,,,,,10000,,,29,16,170,,28,,694,2980,,,,,,,,32,22,,,,,,,,,,,,,,,,,,,,,,,,,,,,,,,,,,,,,,,,,,,
,,,,7486,168,,233000,12,,,,418,,,,,,,,,,,,,,,,,,,,,,,,,,,,,,,46,,,,,,,,,,,,10000,,,29,16,170,,28,,694,2980,,,,,,,,32,22,,,,,,,,,,,,,,,,,,,,,,,,,,,,,,,,,,,,,,,,,,,
,,,,7673,168,,236000,12,,,,426,,,,,,,,,,,,,,,,,,,,,,,,,,,,,,,46,,,,,,,,,,,,10000,,,29,16,170,,28,,694,2980,,,,,,,,32,22,,,,,,,,,,,,,,,,,,,,,,,,,,,,,,,,,,,,,,,,,,,
,,,,7865,168,,239000,12,,,,435,,,,,,,,,,,,,,,,,,,,,,,,,,,,,,,46,,,,,,,,,,,,10000,,,29,16,170,,28,,694,2980,,,,,,,,32,22,,,,,,,,,,,,,,,,,,,,,,,,,,,,,,,,,,,,,,,,,,,
,,,,8062,168,,240000,12,,,,444,,,,,,,,,,,,,,,,,,,,,,,,,,,,,,,46,,,,,,,,,,,,10000,,,29,16,170,,28,,694,2980,,,,,,,,32,22,,,,,,,,,,,,,,,,,,,,,,,,,,,,,,,,,,,,,,,,,,,
,,,,8264,180,,250000,12,,,,453,,,,,,,,,,,,,,,,,,,,,,,,,,,,,,,46,,,,,,,,,,,,10000,,,30,17,175,,30,,770,3400,,,,,,,,33,23,,,,,,,,,,,,,,,,,,,,,,,,,,,,,,,,,,,,,,,,,,,
,,,,8470,180,,260000,13,,,,462,,,,,,,,,,,,,,,,,,,,,,,,,,,,,,,46,,,,,,,,,,,,10000,,,30,17,175,,30,,770,3400,,,,,,,,33,23,,,,,,,,,,,,,,,,,,,,,,,,,,,,,,,,,,,,,,,,,,,
,,,,8680,180,,270000,13,,,,471,,,,,,,,,,,,,,,,,,,,,,,,,,,,,,,46,,,,,,,,,,,,10000,,,30,17,175,,30,,770,3400,,,,,,,,33,23,,,,,,,,,,,,,,,,,,,,,,,,,,,,,,,,,,,,,,,,,,,
,,,,8890,180,,280000,13,,,,480,,,,,,,,,,,,,,,,,,,,,,,,,,,,,,,46,,,,,,,,,,,,10000,,,30,17,175,,30,,770,3400,,,,,,,,33,23,,,,,,,,,,,,,,,,,,,,,,,,,,,,,,,,,,,,,,,,,,,
,,,,9100,192,,290000,13,,,,490,,,,,,,,,,,,,,,,,,,,,,,,,,,,,,,46,,,,,,,,,,,,10000,,,30,17,175,,30,,770,3400,,,,,,,,33,23,,,,,,,,,,,,,,,,,,,,,,,,,,,,,,,,,,,,,,,,,,,
,,,,9300,192,,300000,13,,,,500,,,,,,,,,,,,,,,,,,,,,,,,,,,,,,,49,,,,,,,,,,,,10000,,,31,18,180,,32,,846,3850,,,,,,,,34,24,,,,,,,,,,,,,,,,,,,,,,,,,,,,,,,,,,,,,,,,,,,
"Archer Queen","TID_ARCHER_QUEEN","TID_HERO_INSTRUCTIONS_QUEEN",300,725,12,"DarkElixir",22500,9,500,750,,160,1,,"sc/ui.sc","icon_hero_archerQueen","unit_archerQueen_big","sc/info_archer.sc","unit_archerQueen_small","sc/ui.sc","ArcherQueen arrow lvl1","ArcherQueen arrow rage",,"Hero Deploy",,,"Archer Queen Hit",,"FALSE","TRUE","TRUE","FALSE",,,,,,,,1000,25,"Building Ready",10,,"Elixir",,"Archer Queen Scream",70,-50,300,,"TRUE",,2500,0,"TRUE",0,,,,"Archer",0,"TRUE",0,0,,,"TID_HERO_ABILITY_QUEEN_TITLE","TID_HERO_ABILITY_QUEEN_DESC","icon_hero_archerQueen_ability1","unit_archerQueen_ability1_big",0,50,28,1300,,,,,,,,,,,,,,,,,,,,,,,,,3000,500,,-50,"TRUE",,,,,"ArcherQueenDefault",,,,,"TRUE",,,"F"
,,,,740,12,,25000,9,,,,164,,,,,,,,,"ArcherQueen arrow lvl1","ArcherQueen arrow rage",,,,,,,,,,,,,,,,,,,,,10,,,,,,,,,,,,0,,,,,,,0,,0,0,,,,,,,,50,28,,,,,,,,,,,,,,,,,,,,,,,,,,,,,,,,,,,,,,,,,,,
,,,,755,24,,27500,9,,,,168,,,,,,,,,"ArcherQueen arrow lvl1","ArcherQueen arrow rage",,,,,,,,,,,,,,,,,,,,,10,,,,,,,,,,,,0,,,,,,,0,,0,0,,,,,,,,50,28,,,,,,,,,,,,,,,,,,,,,,,,,,,,,,,,,,,,,,,,,,,
,,,,771,24,,30000,9,,,,172,,,,,,,,,"ArcherQueen arrow lvl1","ArcherQueen arrow rage",,,,,,,,,,,,,,,,,,,,,10,,,,,,,,,,,,0,,,,,,,0,,0,0,,,,,,,,50,28,,,,,,,,,,,,,,,,,,,,,,,,,,,,,,,,,,,,,,,,,,,
,,,,787,24,,32500,9,,,,176,,,,,,,,,"ArcherQueen arrow lvl1","ArcherQueen arrow rage",,,,,,,,,,,,,,,,,,,,,13,,,,,,,,,,,,3600,,,,,,,5,,300,150,,,,,,,,51,29,,,,,,,,,,,,,,,,,,,,,,,,,,,,,,,,,,,,,,,,,,,
,,,,804,36,,35000,9,,,,181,,,,,,,,,"ArcherQueen arrow lvl1","ArcherQueen arrow rage",,,,,,,,,,,,,,,,,,,,,13,,,,,,,,,,,,3600,,,,,,,5,,300,150,,,,,,,,51,29,,,,,,,,,,,,,,,,,,,,,,,,,,,,,,,,,,,,,,,,,,,
,,,,821,36,,39000,9,,,,185,,,,,,,,,"ArcherQueen arrow lvl1","ArcherQueen arrow rage",,,,,,,,,,,,,,,,,,,,,13,,,,,,,,,,,,3600,,,,,,,5,,300,150,,,,,,,,51,29,,,,,,,,,,,,,,,,,,,,,,,,,,,,,,,,,,,,,,,,,,,
,,,,838,36,,43000,9,,,,190,,,,,,,,,"ArcherQueen arrow lvl1","ArcherQueen arrow rage",,,,,,,,,,,,,,,,,,,,,13,,,,,,,,,,,,3600,,,,,,,5,,300,150,,,,,,,,51,29,,,,,,,,,,,,,,,,,,,,,,,,,,,,,,,,,,,,,,,,,,,
,,,,856,48,,47000,9,,,,194,,,,,,,,,"ArcherQueen arrow lvl1","ArcherQueen arrow rage",,,,,,,,,,,,,,,,,,,,,13,,,,,,,,,,,,3600,,,,,,,5,,300,150,,,,,,,,51,29,,,,,,,,,,,,,,,,,,,,,,,,,,,,,,,,,,,,,,,,,,,
,,,,874,48,,51000,9,,,,199,,,,,,,,,"ArcherQueen arrow lvl1","ArcherQueen arrow rage",,,,,,,,,,,,,,,,,,,,,16,,,,,,,,,,,,3800,,,,,,,6,,355,175,,,,,,,,52,30,,,,,,,,,,,,,,,,,,,,,,,,,,,,,,,,,,,,,,,,,,,
,,,,892,48,,55000,9,,,,204,,,,,,,,,"ArcherQueen arrow lvl1","ArcherQueen arrow rage",,,,,,,,,,,,,,,,,,,,,16,,,,,,,,,,,,3800,,,,,,,6,,355,175,,,,,,,,52,30,,,,,,,,,,,,,,,,,,,,,,,,,,,,,,,,,,,,,,,,,,,
,,,,911,60,,59000,9,,,,209,,,,,,,,,"ArcherQueen arrow lvl1","ArcherQueen arrow rage",,,,,,,,,,,,,,,,,,,,,16,,,,,,,,,,,,3800,,,,,,,6,,355,175,,,,,,,,52,30,,,,,,,,,,,,,,,,,,,,,,,,,,,,,,,,,,,,,,,,,,,
,,,,930,60,,63000,9,,,,215,,,,,,,,,"ArcherQueen arrow lvl1","ArcherQueen arrow rage",,,,,,,,,,,,,,,,,,,,,16,,,,,,,,,,,,3800,,,,,,,6,,355,175,,,,,,,,52,30,,,,,,,,,,,,,,,,,,,,,,,,,,,,,,,,,,,,,,,,,,,
,,,,949,60,,67000,9,,,,220,,,,,,,,,"ArcherQueen arrow lvl1","ArcherQueen arrow rage",,,,,,,,,,,,,,,,,,,,,16,,,,,,,,,,,,3800,,,,,,,6,,355,175,,,,,,,,52,30,,,,,,,,,,,,,,,,,,,,,,,,,,,,,,,,,,,,,,,,,,,
,,,,969,72,,71000,9,,,,226,,,,,,,,,"ArcherQueen arrow lvl1","ArcherQueen arrow rage",,,,,,,,,,,,,,,,,,,,,19,,,,,,,,,,,,4000,,,,,,,7,,416,200,,,,,,,,53,31,,,,,,,,,,,,,,,,,,,,,,,,,,,,,,,,,,,,,,,,,,,
,,,,990,72,,75000,9,,,,231,,,,,,,,,"ArcherQueen arrow lvl1","ArcherQueen arrow rage",,,,,,,,,,,,,,,,,,,,,19,,,,,,,,,,,,4000,,,,,,,7,,416,200,,,,,,,,53,31,,,,,,,,,,,,,,,,,,,,,,,,,,,,,,,,,,,,,,,,,,,
,,,,1010,72,,80000,9,,,,237,,,,,,,,,"ArcherQueen arrow lvl1","ArcherQueen arrow rage",,,,,,,,,,,,,,,,,,,,,19,,,,,,,,,,,,4000,,,,,,,7,,416,200,,,,,,,,53,31,,,,,,,,,,,,,,,,,,,,,,,,,,,,,,,,,,,,,,,,,,,
,,,,1032,84,,85000,9,,,,243,,,,,,,,,"ArcherQueen arrow lvl1","ArcherQueen arrow rage",,,,,,,,,,,,,,,,,,,,,19,,,,,,,,,,,,4000,,,,,,,7,,416,200,,,,,,,,53,31,,,,,,,,,,,,,,,,,,,,,,,,,,,,,,,,,,,,,,,,,,,
,,,,1053,84,,90000,9,,,,249,,,,,,,,,"ArcherQueen arrow lvl1","ArcherQueen arrow rage",,,,,,,,,,,,,,,,,,,,,19,,,,,,,,,,,,4000,,,,,,,7,,416,200,,,,,,,,53,31,,,,,,,,,,,,,,,,,,,,,,,,,,,,,,,,,,,,,,,,,,,
,,,,1076,84,,95000,9,,,,255,,,,,,,,,"ArcherQueen arrow lvl2","ArcherQueen arrow rage",,,,,,,,,,,,,,,,,,,,,22,,,,,,,,,,,,4200,,,,,,,8,,483,225,,,,,,,,54,32,,,,,,,,,,,,,,,,,,,,,,,,,,,,,,,,,,,,,,,,,,,
,,,,1098,96,,100000,9,,,,262,,,,,,,,,"ArcherQueen arrow lvl2","ArcherQueen arrow rage",,,,,,,,,,,,,,,,,,,,,22,,,,,,,,,,,,4200,,,,,,,8,,483,225,,,,,,,,54,32,,,,,,,,,,,,,,,,,,,,,,,,,,,,,,,,,,,,,,,,,,,
,,,,1121,96,,105000,9,,,,268,,,,,,,,,"ArcherQueen arrow lvl2","ArcherQueen arrow rage",,,,,,,,,,,,,,,,,,,,,22,,,,,,,,,,,,4200,,,,,,,8,,483,225,,,,,,,,54,32,,,,,,,,,,,,,,,,,,,,,,,,,,,,,,,,,,,,,,,,,,,
,,,,1145,96,,110000,9,,,,275,,,,,,,,,"ArcherQueen arrow lvl2","ArcherQueen arrow rage",,,,,,,,,,,,,,,,,,,,,22,,,,,,,,,,,,4200,,,,,,,8,,483,225,,,,,,,,54,32,,,,,,,,,,,,,,,,,,,,,,,,,,,,,,,,,,,,,,,,,,,
,,,,1169,108,,115000,9,,,,282,,,,,,,,,"ArcherQueen arrow lvl2","ArcherQueen arrow rage",,,,,,,,,,,,,,,,,,,,,22,,,,,,,,,,,,4200,,,,,,,8,,483,225,,,,,,,,54,32,,,,,,,,,,,,,,,,,,,,,,,,,,,,,,,,,,,,,,,,,,,
,,,,1193,108,,119000,9,,,,289,,,,,,,,,"ArcherQueen arrow lvl2","ArcherQueen arrow rage",,,,,,,,,,,,,,,,,,,,,25,,,,,,,,,,,,4400,,,,,,,9,,557,250,,,,,,,,55,33,,,,,,,,,,,,,,,,,,,,,,,,,,,,,,,,,,,,,,,,,,,
,,,,1218,108,,123000,9,,,,296,,,,,,,,,"ArcherQueen arrow lvl2","ArcherQueen arrow rage",,,,,,,,,,,,,,,,,,,,,25,,,,,,,,,,,,4400,,,,,,,9,,557,250,,,,,,,,55,33,,,,,,,,,,,,,,,,,,,,,,,,,,,,,,,,,,,,,,,,,,,
,,,,1244,120,,127000,9,,,,304,,,,,,,,,"ArcherQueen arrow lvl2","ArcherQueen arrow rage",,,,,,,,,,,,,,,,,,,,,25,,,,,,,,,,,,4400,,,,,,,9,,557,250,,,,,,,,55,33,,,,,,,,,,,,,,,,,,,,,,,,,,,,,,,,,,,,,,,,,,,
,,,,1270,120,,131000,9,,,,311,,,,,,,,,"ArcherQueen arrow lvl2","ArcherQueen arrow rage",,,,,,,,,,,,,,,,,,,,,25,,,,,,,,,,,,4400,,,,,,,9,,557,250,,,,,,,,55,33,,,,,,,,,,,,,,,,,,,,,,,,,,,,,,,,,,,,,,,,,,,
,,,,1297,120,,135000,9,,,,319,,,,,,,,,"ArcherQueen arrow lvl2","ArcherQueen arrow rage",,,,,,,,,,,,,,,,,,,,,25,,,,,,,,,,,,4400,,,,,,,9,,557,250,,,,,,,,55,33,,,,,,,,,,,,,,,,,,,,,,,,,,,,,,,,,,,,,,,,,,,
,,,,1324,132,,139000,9,,,,327,,,,,,,,,"ArcherQueen arrow lvl2","ArcherQueen arrow rage",,,,,,,,,,,,,,,,,,,,,28,,,,,,,,,,,,4600,,,,,,,10,,638,275,,,,,,,,56,34,,,,,,,,,,,,,,,,,,,,,,,,,,,,,,,,,,,,,,,,,,,
,,,,1352,132,,143000,10,,,,335,,,,,,,,,"ArcherQueen arrow lvl2","ArcherQueen arrow rage",,,,,,,,,,,,,,,,,,,,,28,,,,,,,,,,,,4600,,,,,,,10,,638,275,,,,,,,,56,34,,,,,,,,,,,,,,,,,,,,,,,,,,,,,,,,,,,,,,,,,,,
,,,,1380,132,,147000,10,,,,344,,,,,,,,,"ArcherQueen arrow lvl2","ArcherQueen arrow rage",,,,,,,,,,,,,,,,,,,,,28,,,,,,,,,,,,4600,,,,,,,10,,638,275,,,,,,,,56,34,,,,,,,,,,,,,,,,,,,,,,,,,,,,,,,,,,,,,,,,,,,
,,,,1409,144,,151000,10,,,,352,,,,,,,,,"ArcherQueen arrow lvl2","ArcherQueen arrow rage",,,,,,,,,,,,,,,,,,,,,28,,,,,,,,,,,,4600,,,,,,,10,,638,275,,,,,,,,56,34,,,,,,,,,,,,,,,,,,,,,,,,,,,,,,,,,,,,,,,,,,,
,,,,1439,144,,155000,10,,,,361,,,,,,,,,"ArcherQueen arrow lvl2","ArcherQueen arrow rage",,,,,,,,,,,,,,,,,,,,,28,,,,,,,,,,,,4600,,,,,,,10,,638,275,,,,,,,,56,34,,,,,,,,,,,,,,,,,,,,,,,,,,,,,,,,,,,,,,,,,,,
,,,,1469,144,,159000,10,,,,370,,,,,,,,,"ArcherQueen arrow lvl2","ArcherQueen arrow rage",,,,,,,,,,,,,,,,,,,,,31,,,,,,,,,,,,4800,,,,,,,11,,725,300,,,,,,,,57,35,,,,,,,,,,,,,,,,,,,,,,,,,,,,,,,,,,,,,,,,,,,
,,,,1500,156,,163000,10,,,,379,,,,,,,,,"ArcherQueen arrow lvl2","ArcherQueen arrow rage",,,,,,,,,,,,,,,,,,,,,31,,,,,,,,,,,,4800,,,,,,,11,,725,300,,,,,,,,57,35,,,,,,,,,,,,,,,,,,,,,,,,,,,,,,,,,,,,,,,,,,,
,,,,1532,156,,167000,10,,,,389,,,,,,,,,"ArcherQueen arrow lvl2","ArcherQueen arrow rage",,,,,,,,,,,,,,,,,,,,,31,,,,,,,,,,,,4800,,,,,,,11,,725,300,,,,,,,,57,35,,,,,,,,,,,,,,,,,,,,,,,,,,,,,,,,,,,,,,,,,,,
,,,,1564,156,,171000,10,,,,398,,,,,,,,,"ArcherQueen arrow lvl2","ArcherQueen arrow rage",,,,,,,,,,,,,,,,,,,,,31,,,,,,,,,,,,4800,,,,,,,11,,725,300,,,,,,,,57,35,,,,,,,,,,,,,,,,,,,,,,,,,,,,,,,,,,,,,,,,,,,
,,,,1597,168,,175000,10,,,,408,,,,,,,,,"ArcherQueen arrow lvl2","ArcherQueen arrow rage",,,,,,,,,,,,,,,,,,,,,31,,,,,,,,,,,,4800,,,,,,,11,,725,300,,,,,,,,57,35,,,,,,,,,,,,,,,,,,,,,,,,,,,,,,,,,,,,,,,,,,,
,,,,1630,168,,180000,10,,,,419,,,,,,,,,"ArcherQueen arrow lvl2","ArcherQueen arrow rage",,,,,,,,,,,,,,,,,,,,,34,,,,,,,,,,,,5000,,,,,,,12,,819,325,,,,,,,,58,36,,,,,,,,,,,,,,,,,,,,,,,,,,,,,,,,,,,,,,,,,,,
,,,,1664,168,,182000,11,,,,429,,,,,,,,,"ArcherQueen arrow lvl3","ArcherQueen arrow rage2",,,,,,,,,,,,,,,,,,,,,34,,,,,,,,,,,,5000,,,,,,,12,,819,325,,,,,,,,58,36,,,,,,,,,,,,,,,,,,,,,,,,,,,,,,,,,,,,,,,,,,,
,,,,1699,168,,184000,11,,,,440,,,,,,,,,"ArcherQueen arrow lvl3","ArcherQueen arrow rage2",,,,,,,,,,,,,,,,,,,,,34,,,,,,,,,,,,5000,,,,,,,12,,819,325,,,,,,,,58,36,,,,,,,,,,,,,,,,,,,,,,,,,,,,,,,,,,,,,,,,,,,
,,,,1735,168,,186000,11,,,,451,,,,,,,,,"ArcherQueen arrow lvl3","ArcherQueen arrow rage2",,,,,,,,,,,,,,,,,,,,,34,,,,,,,,,,,,5000,,,,,,,12,,819,325,,,,,,,,58,36,,,,,,,,,,,,,,,,,,,,,,,,,,,,,,,,,,,,,,,,,,,
,,,,1771,168,,188000,11,,,,462,,,,,,,,,"ArcherQueen arrow lvl3","ArcherQueen arrow rage2",,,,,,,,,,,,,,,,,,,,,34,,,,,,,,,,,,5000,,,,,,,12,,819,325,,,,,,,,58,36,,,,,,,,,,,,,,,,,,,,,,,,,,,,,,,,,,,,,,,,,,,
,,,,1809,168,,190000,11,,,,474,,,,,,,,,"ArcherQueen arrow lvl3","ArcherQueen arrow rage2",,,,,,,,,,,,,,,,,,,,,37,,,,,,,,,,,,5200,,,,,,,13,,920,350,,,,,,,,59,37,,,,,,,,,,,,,,,,,,,,,,,,,,,,,,,,,,,,,,,,,,,
,,,,1847,168,,192000,11,,,,486,,,,,,,,,"ArcherQueen arrow lvl3","ArcherQueen arrow rage2",,,,,,,,,,,,,,,,,,,,,37,,,,,,,,,,,,5200,,,,,,,13,,920,350,,,,,,,,59,37,,,,,,,,,,,,,,,,,,,,,,,,,,,,,,,,,,,,,,,,,,,
,,,,1885,168,,194000,11,,,,498,,,,,,,,,"ArcherQueen arrow lvl3","ArcherQueen arrow rage2",,,,,,,,,,,,,,,,,,,,,37,,,,,,,,,,,,5200,,,,,,,13,,920,350,,,,,,,,59,37,,,,,,,,,,,,,,,,,,,,,,,,,,,,,,,,,,,,,,,,,,,
,,,,1925,168,,196000,11,,,,510,,,,,,,,,"ArcherQueen arrow lvl3","ArcherQueen arrow rage2",,,,,,,,,,,,,,,,,,,,,37,,,,,,,,,,,,5200,,,,,,,13,,920,350,,,,,,,,59,37,,,,,,,,,,,,,,,,,,,,,,,,,,,,,,,,,,,,,,,,,,,
,,,,1965,168,,198000,11,,,,523,,,,,,,,,"ArcherQueen arrow lvl3","ArcherQueen arrow rage2",,,,,,,,,,,,,,,,,,,,,37,,,,,,,,,,,,5200,,,,,,,13,,920,350,,,,,,,,59,37,,,,,,,,,,,,,,,,,,,,,,,,,,,,,,,,,,,,,,,,,,,
,,,,2007,168,,200000,11,,,,536,,,,,,,,,"ArcherQueen arrow lvl3","ArcherQueen arrow rage2",,,,,,,,,,,,,,,,,,,,,40,,,,,,,,,,,,5400,,,,,,,14,,1020,375,,,,,,,,60,38,,,,,,,,,,,,,,,,,,,,,,,,,,,,,,,,,,,,,,,,,,,
,,,,2058,168,,204000,12,,,,547,,,,,,,,,"ArcherQueen arrow lvl3","ArcherQueen arrow rage2",,,,,,,,,,,,,,,,,,,,,40,,,,,,,,,,,,5400,,,,,,,14,,1020,375,,,,,,,,60,38,,,,,,,,,,,,,,,,,,,,,,,,,,,,,,,,,,,,,,,,,,,
,,,,2110,168,,208000,12,,,,558,,,,,,,,,"ArcherQueen arrow lvl3","ArcherQueen arrow rage2",,,,,,,,,,,,,,,,,,,,,40,,,,,,,,,,,,5400,,,,,,,14,,1020,375,,,,,,,,60,38,,,,,,,,,,,,,,,,,,,,,,,,,,,,,,,,,,,,,,,,,,,
,,,,2163,168,,212000,12,,,,570,,,,,,,,,"ArcherQueen arrow lvl3","ArcherQueen arrow rage2",,,,,,,,,,,,,,,,,,,,,40,,,,,,,,,,,,5400,,,,,,,14,,1020,375,,,,,,,,60,38,,,,,,,,,,,,,,,,,,,,,,,,,,,,,,,,,,,,,,,,,,,
,,,,2218,168,,216000,12,,,,582,,,,,,,,,"ArcherQueen arrow lvl3","ArcherQueen arrow rage2",,,,,,,,,,,,,,,,,,,,,40,,,,,,,,,,,,5400,,,,,,,14,,1020,375,,,,,,,,60,38,,,,,,,,,,,,,,,,,,,,,,,,,,,,,,,,,,,,,,,,,,,
,,,,2274,168,,220000,12,,,,594,,,,,,,,,"ArcherQueen arrow lvl3","ArcherQueen arrow rage2",,,,,,,,,,,,,,,,,,,,,43,,,,,,,,,,,,5600,,,,,,,15,,1120,400,,,,,,,,61,39,,,,,,,,,,,,,,,,,,,,,,,,,,,,,,,,,,,,,,,,,,,
,,,,2331,168,,224000,12,,,,606,,,,,,,,,"ArcherQueen arrow lvl3","ArcherQueen arrow rage2",,,,,,,,,,,,,,,,,,,,,43,,,,,,,,,,,,5600,,,,,,,15,,1120,400,,,,,,,,61,39,,,,,,,,,,,,,,,,,,,,,,,,,,,,,,,,,,,,,,,,,,,
,,,,2390,168,,228000,12,,,,619,,,,,,,,,"ArcherQueen arrow lvl3","ArcherQueen arrow rage2",,,,,,,,,,,,,,,,,,,,,43,,,,,,,,,,,,5600,,,,,,,15,,1120,400,,,,,,,,61,39,,,,,,,,,,,,,,,,,,,,,,,,,,,,,,,,,,,,,,,,,,,
,,,,2450,168,,232000,12,,,,632,,,,,,,,,"ArcherQueen arrow lvl3","ArcherQueen arrow rage2",,,,,,,,,,,,,,,,,,,,,43,,,,,,,,,,,,5600,,,,,,,15,,1120,400,,,,,,,,61,39,,,,,,,,,,,,,,,,,,,,,,,,,,,,,,,,,,,,,,,,,,,
,,,,2512,168,,236000,12,,,,645,,,,,,,,,"ArcherQueen arrow lvl3","ArcherQueen arrow rage2",,,,,,,,,,,,,,,,,,,,,43,,,,,,,,,,,,5600,,,,,,,15,,1120,400,,,,,,,,61,39,,,,,,,,,,,,,,,,,,,,,,,,,,,,,,,,,,,,,,,,,,,
,,,,2575,168,,240000,12,,,,658,,,,,,,,,"ArcherQueen arrow lvl3","ArcherQueen arrow rage2",,,,,,,,,,,,,,,,,,,,,46,,,,,,,,,,,,5800,,,,,,,16,,1220,425,,,,,,,,62,40,,,,,,,,,,,,,,,,,,,,,,,,,,,,,,,,,,,,,,,,,,,
,,,,2639,168,,240000,12,,,,671,,,,,,,,,"ArcherQueen arrow lvl3","ArcherQueen arrow rage2",,,,,,,,,,,,,,,,,,,,,46,,,,,,,,,,,,5800,,,,,,,16,,1220,425,,,,,,,,62,40,,,,,,,,,,,,,,,,,,,,,,,,,,,,,,,,,,,,,,,,,,,
,,,,2705,168,,240000,12,,,,684,,,,,,,,,"ArcherQueen arrow lvl3","ArcherQueen arrow rage2",,,,,,,,,,,,,,,,,,,,,46,,,,,,,,,,,,5800,,,,,,,16,,1220,425,,,,,,,,62,40,,,,,,,,,,,,,,,,,,,,,,,,,,,,,,,,,,,,,,,,,,,
,,,,2773,168,,240000,12,,,,698,,,,,,,,,"ArcherQueen arrow lvl3","ArcherQueen arrow rage2",,,,,,,,,,,,,,,,,,,,,46,,,,,,,,,,,,5800,,,,,,,16,,1220,425,,,,,,,,62,40,,,,,,,,,,,,,,,,,,,,,,,,,,,,,,,,,,,,,,,,,,,
,,,,2842,168,,240000,12,,,,712,,,,,,,,,"ArcherQueen arrow lvl3","ArcherQueen arrow rage2",,,,,,,,,,,,,,,,,,,,,46,,,,,,,,,,,,5800,,,,,,,16,,1220,425,,,,,,,,62,40,,,,,,,,,,,,,,,,,,,,,,,,,,,,,,,,,,,,,,,,,,,
,,,,2913,180,,250000,12,,,,726,,,,,,,,,"ArcherQueen arrow lvl3","ArcherQueen arrow rage2",,,,,,,,,,,,,,,,,,,,,46,,,,,,,,,,,,6000,,,,,,,17,,1300,450,,,,,,,,63,41,,,,,,,,,,,,,,,,,,,,,,,,,,,,,,,,,,,,,,,,,,,
,,,,2980,180,,260000,13,,,,739,,,,,,,,,"ArcherQueen arrow lvl3","ArcherQueen arrow rage2",,,,,,,,,,,,,,,,,,,,,46,,,,,,,,,,,,6000,,,,,,,17,,1300,450,,,,,,,,63,41,,,,,,,,,,,,,,,,,,,,,,,,,,,,,,,,,,,,,,,,,,,
,,,,3040,180,,270000,13,,,,751,,,,,,,,,"ArcherQueen arrow lvl3","ArcherQueen arrow rage2",,,,,,,,,,,,,,,,,,,,,46,,,,,,,,,,,,6000,,,,,,,17,,1300,450,,,,,,,,63,41,,,,,,,,,,,,,,,,,,,,,,,,,,,,,,,,,,,,,,,,,,,
,,,,3095,180,,280000,13,,,,762,,,,,,,,,"ArcherQueen arrow lvl3","ArcherQueen arrow rage2",,,,,,,,,,,,,,,,,,,,,46,,,,,,,,,,,,6000,,,,,,,17,,1300,450,,,,,,,,63,41,,,,,,,,,,,,,,,,,,,,,,,,,,,,,,,,,,,,,,,,,,,
,,,,3145,192,,290000,13,,,,772,,,,,,,,,"ArcherQueen arrow lvl3","ArcherQueen arrow rage2",,,,,,,,,,,,,,,,,,,,,46,,,,,,,,,,,,6000,,,,,,,17,,1300,450,,,,,,,,63,41,,,,,,,,,,,,,,,,,,,,,,,,,,,,,,,,,,,,,,,,,,,
,,,,3190,192,,300000,13,,,,781,,,,,,,,,"ArcherQueen arrow lvl3","ArcherQueen arrow rage2",,,,,,,,,,,,,,,,,,,,,49,,,,,,,,,,,,6200,,,,,,,18,,1370,475,,,,,,,,64,42,,,,,,,,,,,,,,,,,,,,,,,,,,,,,,,,,,,,,,,,,,,
"Grand Warden","TID_GRAND_WARDEN","TID_HERO_INSTRUCTIONS_WARDEN",200,1000,12,"Elixir",2500000,11,700,1800,1050,50,1,,"sc/ui.sc","icon_hero_grandwarden","unit_elder_big","sc/info_ancientelder.sc","unit_grandwarden_small","sc/ui.sc",,,,"Hero Deploy",,,"Grand Warden Hit",,"FALSE","TRUE","TRUE","TRUE",,,,,,,,900,25,"Building Ready",22,,"Elixir",,"Grand Warden Scream",70,-50,300,,"TRUE",,,,"TRUE",0,,,,,0,"FALSE",0,0,,,"TID_HERO_ABILITY_WARDEN_TITLE","TID_HERO_ABILITY_WARDEN_DESC","icon_hero_grandwarden_ability1","unit_elder_ability_big",0,140,70,1300,,"Growth",0,"TID_HERO_AURA_WARDEN_TITLE","TID_HERO_AURA_WARDEN_DESC","unit_elder_ability_big",,,,,,"TRUE","TRUE",,,,,"TRUE",500,1300,2000,"TRUE",792,1,3000,500,"Grand Warden Statue Attack",-50,"TRUE",,,,,"GrandWardenDefault",,,,,"TRUE",,,"M"
,,,,1021,24,,3000000,11,,,,52,,,,,,,,,,,,,,,,,,,,,,,,,,,,,,,22,,,,,,,,,,,,,,,,,,,0,,0,0,,,,,,,,140,70,,,,1,,,,,,,,,,,,,,,,,,,,,,,,,,,,,,,,,,,,,,,
,,,,1042,36,,3500000,11,,,,54,,,,,,,,,,,,,,,,,,,,,,,,,,,,,,,22,,,,,,,,,,,,,,,,,,,0,,0,0,,,,,,,,140,70,,,,2,,,,,,,,,,,,,,,,,,,,,,,,,,,,,,,,,,,,,,,
,,,,1064,48,,4000000,11,,,,56,,,,,,,,,,,,,,,,,,,,,,,,,,,,,,,22,,,,,,,,,,,,,,,,,,,0,,0,0,,,,,,,,140,70,,,,3,,,,,,,,,,,,,,,,,,,,,,,,,,,,,,,,,,,,,,,
,,,,1086,60,,4500000,11,,,,58,,,,,,,,,,,,,,,,,,,,,,,,,,,,,,,25,,,,,,,,,,,,,,,,,,,0,,0,0,,,,,,,,145,71,,,,4,,,,"Shield",0,,,,,,,,,,,,,,,,,,,,,,,,,,,,,,,,,,
,,,,1108,72,,5000000,11,,,,60,,,,,,,,,,,,,,,,,,,,,,,,,,,,,,,25,,,,,,,,,,,,,,,,,,,0,,0,0,,,,,,,,145,71,,,,5,,,,,0,,,,,,,,,,,,,,,,,,,,,,,,,,,,,,,,,,
,,,,1131,84,,5500000,11,,,,63,,,,,,,,,,,,,,,,,,,,,,,,,,,,,,,25,,,,,,,,,,,,,,,,,,,0,,0,0,,,,,,,,145,71,,,,6,,,,,0,,,,,,,,,,,,,,,,,,,,,,,,,,,,,,,,,,
,,,,1155,96,,6000000,11,,,,66,,,,,,,,,,,,,,,,,,,,,,,,,,,,,,,25,,,,,,,,,,,,,,,,,,,0,,0,0,,,,,,,,145,71,,,,7,,,,,0,,,,,,,,,,,,,,,,,,,,,,,,,,,,,,,,,,
,,,,1180,108,,6500000,11,,,,69,,,,,,,,,,,,,,,,,,,,,,,,,,,,,,,25,,,,,,,,,,,,,,,,,,,0,,0,0,,,,,,,,145,71,,,,8,,,,,0,,,,,,,,,,,,,,,,,,,,,,,,,,,,,,,,,,
,,,,1206,120,,7000000,11,,,,72,,,,,,,,,,,,,,,,,,,,,,,,,,,,,,,28,,,,,,,,,,,,,,,,,,,0,,0,0,,,,,,,,150,72,,,,9,,,,,1,,,,,,,,,,,,,,,,,,,,,,,,,,,,,,,,,,
,,,,1233,132,,7500000,11,,,,75,,,,,,,,,,,,,,,,,,,,,,,,,,,,,,,28,,,,,,,,,,,,,,,,,,,0,,0,0,,,,,,,,150,72,,,,10,,,,,1,,,,,,,,,,,,,,,,,,,,,,,,,,,,,,,,,,
,,,,1261,144,,8000000,11,,,,78,,,,,,,,,,,,,,,,,,,,,,,,,,,,,,,28,,,,,,,,,,,,,,,,,,,0,,0,0,,,,,,,,150,72,,,,11,,,,,1,,,,,,,,,,,,,,,,,,,,,,,,,,,,,,,,,,
,,,,1290,156,,8400000,11,,,,82,,,,,,,,,,,,,,,,,,,,,,,,,,,,,,,28,,,,,,,,,,,,,,,,,,,0,,0,0,,,,,,,,150,72,,,,12,,,,,1,,,,,,,,,,,,,,,,,,,,,,,,,,,,,,,,,,
,,,,1320,168,,8800000,11,,,,86,,,,,,,,,,,,,,,,,,,,,,,,,,,,,,,28,,,,,,,,,,,,,,,,,,,0,,0,0,,,,,,,,150,72,,,,13,,,,,1,,,,,,,,,,,,,,,,,,,,,,,,,,,,,,,,,,
,,,,1350,168,,9100000,11,,,,90,,,,,,,,,,,,,,,,,,,,,,,,,,,,,,,31,,,,,,,,,,,,,,,,,,,0,,0,0,,,,,,,,155,73,,,,14,,,,,2,,,,,,,,,,,,,,,,,,,,,,,,,,,,,,,,,,
,,,,1380,168,,9400000,11,,,,94,,,,,,,,,,,,,,,,,,,,,,,,,,,,,,,31,,,,,,,,,,,,,,,,,,,0,,0,0,,,,,,,,155,73,,,,15,,,,,2,,,,,,,,,,,,,,,,,,,,,,,,,,,,,,,,,,
,,,,1410,168,,9600000,11,,,,98,,,,,,,,,,,,,,,,,,,,,,,,,,,,,,,31,,,,,,,,,,,,,,,,,,,0,,0,0,,,,,,,,155,73,,,,16,,,,,2,,,,,,,,,,,,,,,,,,,,,,,,,,,,,,,,,,
,,,,1440,168,,9800000,11,,,,102,,,,,,,,,,,,,,,,,,,,,,,,,,,,,,,31,,,,,,,,,,,,,,,,,,,0,,0,0,,,,,,,,155,73,,,,17,,,,,2,,,,,,,,,,,,,,,,,,,,,,,,,,,,,,,,,,
,,,,1470,168,,10000000,11,,,,106,,,,,,,,,,,,,,,,,,,,,,,,,,,,,,,31,,,,,,,,,,,,,,,,,,,0,,0,0,,,,,,,,155,73,,,,18,,,,,2,,,,,,,,,,,,,,,,,,,,,,,,,,,,,,,,,,
,,,,1500,168,,10000000,11,,,,110,,,,,,,,,,,,,,,,,,,,,,,,,,,,,,,34,,,,,,,,,,,,,,,,,,,0,,0,0,,,,,,,,160,74,,,,19,,,,,3,,,,,,,,,,,,,,,,,,,,,,,,,,,,,,,,,,
,,,,1530,168,,10200000,12,,,,115,,,,,,,,,,,,,,,,,,,,,,,,,,,,,,,34,,,,,,,,,,,,,,,,,,,0,,0,0,,,,,,,,160,74,,,,20,,,,,3,,,,,,,,,,,,,,,,,,,,,,,,,,,,,,,,,,
,,,,1561,168,,10400000,12,,,,120,,,,,,,,,,,,,,,,,,,,,,,,,,,,,,,34,,,,,,,,,,,,,,,,,,,0,,0,0,,,,,,,,160,74,,,,21,,,,,3,,,,,,,,,,,,,,,,,,,,,,,,,,,,,,,,,,
,,,,1593,168,,10600000,12,,,,125,,,,,,,,,,,,,,,,,,,,,,,,,,,,,,,34,,,,,,,,,,,,,,,,,,,0,,0,0,,,,,,,,160,74,,,,22,,,,,3,,,,,,,,,,,,,,,,,,,,,,,,,,,,,,,,,,
,,,,1625,168,,10800000,12,,,,130,,,,,,,,,,,,,,,,,,,,,,,,,,,,,,,34,,,,,,,,,,,,,,,,,,,0,,0,0,,,,,,,,160,74,,,,23,,,,,3,,,,,,,,,,,,,,,,,,,,,,,,,,,,,,,,,,
,,,,1658,168,,11000000,12,,,,136,,,,,,,,,,,,,,,,,,,,,,,,,,,,,,,37,,,,,,,,,,,,,,,,,,,0,,0,0,,,,,,,,165,75,,,,24,,,,,4,,,,,,,,,,,,,,,,,,,,,,,,,,,,,,,,,,
,,,,1692,168,,11200000,12,,,,142,,,,,,,,,,,,,,,,,,,,,,,,,,,,,,,37,,,,,,,,,,,,,,,,,,,0,,0,0,,,,,,,,165,75,,,,25,,,,,4,,,,,,,,,,,,,,,,,,,,,,,,,,,,,,,,,,
,,,,1726,168,,11400000,12,,,,148,,,,,,,,,,,,,,,,,,,,,,,,,,,,,,,37,,,,,,,,,,,,,,,,,,,0,,0,0,,,,,,,,165,75,,,,26,,,,,4,,,,,,,,,,,,,,,,,,,,,,,,,,,,,,,,,,
,,,,1761,168,,11600000,12,,,,154,,,,,,,,,,,,,,,,,,,,,,,,,,,,,,,37,,,,,,,,,,,,,,,,,,,0,,0,0,,,,,,,,165,75,,,,27,,,,,4,,,,,,,,,,,,,,,,,,,,,,,,,,,,,,,,,,
,,,,1797,168,,11800000,12,,,,161,,,,,,,,,,,,,,,,,,,,,,,,,,,,,,,37,,,,,,,,,,,,,,,,,,,0,,0,0,,,,,,,,165,75,,,,28,,,,,4,,,,,,,,,,,,,,,,,,,,,,,,,,,,,,,,,,
,,,,1833,168,,12000000,12,,,,168,,,,,,,,,,,,,,,,,,,,,,,,,,,,,,,40,,,,,,,,,,,,,,,,,,,0,,0,0,,,,,,,,170,76,,,,29,,,,,5,,,,,,,,,,,,,,,,,,,,,,,,,,,,,,,,,,
,,,,1870,168,,12000000,12,,,,175,,,,,,,,,,,,,,,,,,,,,,,,,,,,,,,40,,,,,,,,,,,,,,,,,,,0,,0,0,,,,,,,,170,76,,,,30,,,,,5,,,,,,,,,,,,,,,,,,,,,,,,,,,,,,,,,,
,,,,1908,168,,12000000,12,,,,182,,,,,,,,,,,,,,,,,,,,,,,,,,,,,,,40,,,,,,,,,,,,,,,,,,,0,,0,0,,,,,,,,170,76,,,,31,,,,,5,,,,,,,,,,,,,,,,,,,,,,,,,,,,,,,,,,
,,,,1947,168,,12000000,12,,,,190,,,,,,,,,,,,,,,,,,,,,,,,,,,,,,,40,,,,,,,,,,,,,,,,,,,0,,0,0,,,,,,,,170,76,,,,32,,,,,5,,,,,,,,,,,,,,,,,,,,,,,,,,,,,,,,,,
,,,,1986,168,,12000000,12,,,,198,,,,,,,,,,,,,,,,,,,,,,,,,,,,,,,40,,,,,,,,,,,,,,,,,,,0,,0,0,,,,,,,,170,76,,,,33,,,,,5,,,,,,,,,,,,,,,,,,,,,,,,,,,,,,,,,,
,,,,2026,168,,12000000,12,,,,206,,,,,,,,,,,,,,,,,,,,,,,,,,,,,,,43,,,,,,,,,,,,,,,,,,,0,,0,0,,,,,,,,175,77,,,,34,,,,,6,,,,,,,,,,,,,,,,,,,,,,,,,,,,,,,,,,
,,,,2067,168,,12000000,12,,,,215,,,,,,,,,,,,,,,,,,,,,,,,,,,,,,,43,,,,,,,,,,,,,,,,,,,0,,0,0,,,,,,,,175,77,,,,35,,,,,6,,,,,,,,,,,,,,,,,,,,,,,,,,,,,,,,,,
,,,,2109,168,,12000000,12,,,,224,,,,,,,,,,,,,,,,,,,,,,,,,,,,,,,43,,,,,,,,,,,,,,,,,,,0,,0,0,,,,,,,,175,77,,,,36,,,,,6,,,,,,,,,,,,,,,,,,,,,,,,,,,,,,,,,,
,,,,2152,168,,12000000,12,,,,233,,,,,,,,,,,,,,,,,,,,,,,,,,,,,,,43,,,,,,,,,,,,,,,,,,,0,,0,0,,,,,,,,175,77,,,,37,,,,,6,,,,,,,,,,,,,,,,,,,,,,,,,,,,,,,,,,
,,,,2196,168,,12000000,12,,,,243,,,,,,,,,,,,,,,,,,,,,,,,,,,,,,,43,,,,,,,,,,,,,,,,,,,0,,0,0,,,,,,,,175,77,,,,38,,,,,6,,,,,,,,,,,,,,,,,,,,,,,,,,,,,,,,,,
,,,,2240,180,,12000000,12,,,,253,,,,,,,,,,,,,,,,,,,,,,,,,,,,,,,45,,,,,,,,,,,,,,,,,,,0,,0,0,,,,,,,,180,78,,,,39,,,,,7,,,,,,,,,,,,,,,,,,,,,,,,,,,,,,,,,,
,,,,2260,180,,12500000,13,,,,260,,,,,,,,,,,,,,,,,,,,,,,,,,,,,,,45,,,,,,,,,,,,,,,,,,,0,,0,0,,,,,,,,180,78,,,,39,,,,,7,,,,,,,,,,,,,,,,,,,,,,,,,,,,,,,,,,
,,,,2280,180,,13000000,13,,,,266,,,,,,,,,,,,,,,,,,,,,,,,,,,,,,,45,,,,,,,,,,,,,,,,,,,0,,0,0,,,,,,,,180,78,,,,39,,,,,7,,,,,,,,,,,,,,,,,,,,,,,,,,,,,,,,,,
,,,,2300,180,,13500000,13,,,,271,,,,,,,,,,,,,,,,,,,,,,,,,,,,,,,45,,,,,,,,,,,,,,,,,,,0,,0,0,,,,,,,,180,78,,,,39,,,,,7,,,,,,,,,,,,,,,,,,,,,,,,,,,,,,,,,,
,,,,2320,180,,14000000,13,,,,275,,,,,,,,,,,,,,,,,,,,,,,,,,,,,,,45,,,,,,,,,,,,,,,,,,,0,,0,0,,,,,,,,180,78,,,,39,,,,,7,,,,,,,,,,,,,,,,,,,,,,,,,,,,,,,,,,
,,,,2340,192,,14500000,13,,,,279,,,,,,,,,,,,,,,,,,,,,,,,,,,,,,,47,,,,,,,,,,,,,,,,,,,0,,0,0,,,,,,,,185,79,,,,39,,,,,8,,,,,,,,,,,,,,,,,,,,,,,,,,,,,,,,,,
,,,,2360,192,,15000000,13,,,,283,,,,,,,,,,,,,,,,,,,,,,,,,,,,,,,47,,,,,,,,,,,,,,,,,,,0,,0,0,,,,,,,,185,79,,,,39,,,,,8,,,,,,,,,,,,,,,,,,,,,,,,,,,,,,,,,,
,,,,2380,192,,15500000,13,,,,287,,,,,,,,,,,,,,,,,,,,,,,,,,,,,,,47,,,,,,,,,,,,,,,,,,,0,,0,0,,,,,,,,185,79,,,,39,,,,,8,,,,,,,,,,,,,,,,,,,,,,,,,,,,,,,,,,
,,,,2400,192,,16000000,13,,,,291,,,,,,,,,,,,,,,,,,,,,,,,,,,,,,,47,,,,,,,,,,,,,,,,,,,0,,0,0,,,,,,,,185,79,,,,39,,,,,8,,,,,,,,,,,,,,,,,,,,,,,,,,,,,,,,,,
,,,,2420,192,,16500000,13,,,,295,,,,,,,,,,,,,,,,,,,,,,,,,,,,,,,47,,,,,,,,,,,,,,,,,,,0,,0,0,,,,,,,,185,79,,,,39,,,,,8,,,,,,,,,,,,,,,,,,,,,,,,,,,,,,,,,,
,,,,2440,192,,17000000,13,,,,299,,,,,,,,,,,,,,,,,,,,,,,,,,,,,,,49,,,,,,,,,,,,,,,,,,,0,,0,0,,,,,,,,190,80,,,,39,,,,,9,,,,,,,,,,,,,,,,,,,,,,,,,,,,,,,,,,
"Warmachine","TID_WARMACHINE","TID_HERO_INSTRUCTIONS_WARMACHINE",200,3600,12,"Elixir2",1000000,5,125,1200,,125,1,,"sc/ui.sc","icon_hero_warmachine","unit_warmachine_big","sc/info_warmachine.sc","unit_warmachine_small","sc/ui.sc",,,,"Warmachine Deploy","Warmachine Attack",,"Warmachine Hit","Warmachine Ability Hit","FALSE","FALSE","TRUE","FALSE",,"Warmachine Die","Warmachine_lvl1",1000,14000,3,"Warmachine_lvl1_activated",900,25,"Building Ready",3,,"Elixir2",,"Warmachine Scream",70,-40,300,"Warmachine Ability Effect","TRUE",,100,0,"FALSE",15000,0,0,0,,0,,0,0,,,"TID_HERO_ABILITY_WARMACHINE_TITLE","TID_HERO_ABILITY_WARMACHINE_DESC","icon_hero_warmachine_ability1","unit_warmachine_ability_big",0,33,0,1200,,,,,,,,,,,,,,,,,,,,,,,,,3000,2500,,-50,"TRUE",1,"TRUE","Warmachine PreAttack",,,,,,,"TRUE",,,"M"
,,,,3672,12,,1100000,5,,,,127,,,,,,,,,,,,,,,,,,,,,,,"Warmachine_lvl1",,,,"Warmachine_lvl1_activated",,,,3,,,,,,,,,,,,0,,,0,0,0,,0,,0,0,,,,,,,,34,0,,,,,,,,,,,,,,,,,,,,,,,,,,,,,,,,,,,,,,,,,,,
,,,,3745,24,,1200000,5,,,,130,,,,,,,,,,,,,,,,,,,,,,,"Warmachine_lvl1",,,,"Warmachine_lvl1_activated",,,,3,,,,,,,,,,,,0,,,0,0,0,,0,,0,0,,,,,,,,35,0,,,,,,,,,,,,,,,,,,,,,,,,,,,,,,,,,,,,,,,,,,,
,,,,3820,24,,1300000,5,,,,132,,,,,,,,,,,,,,,,,,,,,,,"Warmachine_lvl1",,,,"Warmachine_lvl1_activated",,,,3,,,,,,,,,,,,0,,,0,0,0,,0,,0,0,,,,,,,,36,0,,,,,,,,,,,,,,,,,,,,,,,,,,,,,,,,,,,,,,,,,,,
,,,,3896,24,,1500000,5,,,,135,,,,,,,,,,,,,,,,,,,,,,,"Warmachine_lvl1",,,,"Warmachine_lvl1_activated",,,,4,,,,,,,,,,,,14000,,,4,4,100,,0,,270,800,,,,,,,,41,0,,,,,,,,,,,,,,,,,,,,,,,,,,,,,,,,,,,,,,,,,,,
,,,,3954,24,,1600000,6,,,,137,,,,,,,,,,,,,,,,,,,,,,,"Warmachine_lvl1",,,,"Warmachine_lvl1_activated",,,,4,,,,,,,,,,,,14000,,,4,4,100,,0,,270,800,,,,,,,,42,0,,,,,,,,,,,,,,,,,,,,,,,,,,,,,,,,,,,,,,,,,,,
,,,,4013,24,,1700000,6,,,,140,,,,,,,,,,,,,,,,,,,,,,,"Warmachine_lvl1",,,,"Warmachine_lvl1_activated",,,,4,,,,,,,,,,,,14000,,,4,4,100,,0,,270,800,,,,,,,,44,0,,,,,,,,,,,,,,,,,,,,,,,,,,,,,,,,,,,,,,,,,,,
,,,,4073,24,,1800000,6,,,,142,,,,,,,,,,,,,,,,,,,,,,,"Warmachine_lvl1",,,,"Warmachine_lvl1_activated",,,,4,,,,,,,,,,,,14000,,,4,4,100,,0,,270,800,,,,,,,,45,0,,,,,,,,,,,,,,,,,,,,,,,,,,,,,,,,,,,,,,,,,,,
,,,,4134,24,,1900000,6,,,,145,,,,,,,,,,,,,,,,,,,,,,,"Warmachine_lvl1",,,,"Warmachine_lvl1_activated",,,,4,,,,,,,,,,,,14000,,,4,4,100,,0,,270,800,,,,,,,,47,0,,,,,,,,,,,,,,,,,,,,,,,,,,,,,,,,,,,,,,,,,,,
,,,,4196,48,,2100000,6,,,,147,,,,,,,,,,,,,,,,,,,,,,,"Warmachine_lvl2",,,,"Warmachine_lvl2_activated",,,,4,,,,,,,,,,,,14000,,,4,4,100,,0,,294,850,,,,,,,,52,0,,,,,,,,,,,,,,,,,,,,,,,,,,,,,,,,,,,,,,,,,,,
,,,,4238,48,,2200000,7,,,,150,,,,,,,,,,,,,,,,,,,,,,,"Warmachine_lvl2",,,,"Warmachine_lvl2_activated",,,,4,,,,,,,,,,,,14000,,,4,4,100,,0,,294,850,,,,,,,,54,0,,,,,,,,,,,,,,,,,,,,,,,,,,,,,,,,,,,,,,,,,,,
,,,,4280,48,,2300000,7,,,,154,,,,,,,,,,,,,,,,,,,,,,,"Warmachine_lvl2",,,,"Warmachine_lvl2_activated",,,,4,,,,,,,,,,,,14000,,,4,4,100,,0,,294,850,,,,,,,,56,0,,,,,,,,,,,,,,,,,,,,,,,,,,,,,,,,,,,,,,,,,,,
,,,,4323,48,,2400000,7,,,,157,,,,,,,,,,,,,,,,,,,,,,,"Warmachine_lvl2",,,,"Warmachine_lvl2_activated",,,,4,,,,,,,,,,,,14000,,,4,4,100,,0,,294,850,,,,,,,,58,0,,,,,,,,,,,,,,,,,,,,,,,,,,,,,,,,,,,,,,,,,,,
,,,,4366,48,,2500000,7,,,,160,,,,,,,,,,,,,,,,,,,,,,,"Warmachine_lvl2",,,,"Warmachine_lvl2_activated",,,,4,,,,,,,,,,,,14000,,,4,4,100,,0,,294,850,,,,,,,,60,0,,,,,,,,,,,,,,,,,,,,,,,,,,,,,,,,,,,,,,,,,,,
,,,,4410,72,,2600000,7,,,,164,,,,,,,,,,,,,,,,,,,,,,,"Warmachine_lvl2",,,,"Warmachine_lvl2_activated",,,,5,,,,,,,,,,,,14000,,,4,4,100,,0,,328,900,,,,,,,,67,0,,,,,,,,,,,,,,,,,,,,,,,,,,,,,,,,,,,,,,,,,,,
,,,,4454,72,,2700000,7,,,,167,,,,,,,,,,,,,,,,,,,,,,,"Warmachine_lvl2",,,,"Warmachine_lvl2_activated",,,,5,,,,,,,,,,,,14000,,,4,4,100,,0,,328,900,,,,,,,,69,0,,,,,,,,,,,,,,,,,,,,,,,,,,,,,,,,,,,,,,,,,,,
,,,,4499,72,,2800000,7,,,,170,,,,,,,,,,,,,,,,,,,,,,,"Warmachine_lvl2",,,,"Warmachine_lvl2_activated",,,,5,,,,,,,,,,,,14000,,,4,4,100,,0,,328,900,,,,,,,,72,0,,,,,,,,,,,,,,,,,,,,,,,,,,,,,,,,,,,,,,,,,,,
,,,,4544,72,,2900000,7,,,,174,,,,,,,,,,,,,,,,,,,,,,,"Warmachine_lvl2",,,,"Warmachine_lvl2_activated",,,,5,,,,,,,,,,,,14000,,,4,4,100,,0,,328,900,,,,,,,,75,0,,,,,,,,,,,,,,,,,,,,,,,,,,,,,,,,,,,,,,,,,,,
,,,,4589,72,,3000000,7,,,,177,,,,,,,,,,,,,,,,,,,,,,,"Warmachine_lvl2",,,,"Warmachine_lvl2_activated",,,,5,,,,,,,,,,,,14000,,,4,4,100,,0,,328,900,,,,,,,,78,0,,,,,,,,,,,,,,,,,,,,,,,,,,,,,,,,,,,,,,,,,,,
,,,,4635,72,,3100000,7,,,,180,,,,,,,,,,,,,,,,,,,,,,,"Warmachine_lvl3",,,,"Warmachine_lvl3_activated",,,,5,,,,,,,,,,,,14000,,,4,4,100,,0,,360,950,,,,,,,,86,0,,,,,,,,,,,,,,,,,,,,,,,,,,,,,,,,,,,,,,,,,,,
,,,,4681,72,,3200000,8,,,,184,,,,,,,,,,,,,,,,,,,,,,,"Warmachine_lvl3",,,,"Warmachine_lvl3_activated",,,,5,,,,,,,,,,,,14000,,,4,4,100,,0,,360,950,,,,,,,,89,0,,,,,,,,,,,,,,,,,,,,,,,,,,,,,,,,,,,,,,,,,,,
,,,,4728,72,,3300000,8,,,,187,,,,,,,,,,,,,,,,,,,,,,,"Warmachine_lvl3",,,,"Warmachine_lvl3_activated",,,,5,,,,,,,,,,,,14000,,,4,4,100,,0,,360,950,,,,,,,,92,0,,,,,,,,,,,,,,,,,,,,,,,,,,,,,,,,,,,,,,,,,,,
,,,,4775,72,,3400000,8,,,,191,,,,,,,,,,,,,,,,,,,,,,,"Warmachine_lvl3",,,,"Warmachine_lvl3_activated",,,,5,,,,,,,,,,,,14000,,,4,4,100,,0,,360,950,,,,,,,,96,0,,,,,,,,,,,,,,,,,,,,,,,,,,,,,,,,,,,,,,,,,,,
,,,,4823,72,,3500000,8,,,,195,,,,,,,,,,,,,,,,,,,,,,,"Warmachine_lvl3",,,,"Warmachine_lvl3_activated",,,,5,,,,,,,,,,,,14000,,,4,4,100,,0,,360,950,,,,,,,,100,0,,,,,,,,,,,,,,,,,,,,,,,,,,,,,,,,,,,,,,,,,,,
,,,,4871,96,,3600000,8,,,,200,,,,,,,,,,,,,,,,,,,,,,,"Warmachine_lvl3",,,,"Warmachine_lvl3_activated",,,,6,,,,,,,,,,,,14000,,,4,4,100,,0,,400,1000,,,,,,,,109,0,,,,,,,,,,,,,,,,,,,,,,,,,,,,,,,,,,,,,,,,,,,
,,,,4920,96,,3700000,9,,,,205,,,,,,,,,,,,,,,,,,,,,,,"Warmachine_lvl4",,,,"Warmachine_lvl4_activated",,,,6,,,,,,,,,,,,14000,,,4,4,100,,0,,400,1000,,,,,,,,113,0,,,,,,,,,,,,,,,,,,,,,,,,,,,,,,,,,,,,,,,,,,,
,,,,4970,96,,3800000,9,,,,210,,,,,,,,,,,,,,,,,,,,,,,"Warmachine_lvl4",,,,"Warmachine_lvl4_activated",,,,6,,,,,,,,,,,,14000,,,4,4,100,,0,,400,1000,,,,,,,,117,0,,,,,,,,,,,,,,,,,,,,,,,,,,,,,,,,,,,,,,,,,,,
,,,,5020,96,,3900000,9,,,,215,,,,,,,,,,,,,,,,,,,,,,,"Warmachine_lvl4",,,,"Warmachine_lvl4_activated",,,,6,,,,,,,,,,,,14000,,,4,4,100,,0,,400,1000,,,,,,,,121,0,,,,,,,,,,,,,,,,,,,,,,,,,,,,,,,,,,,,,,,,,,,
,,,,5071,96,,4000000,9,,,,221,,,,,,,,,,,,,,,,,,,,,,,"Warmachine_lvl4",,,,"Warmachine_lvl4_activated",,,,6,,,,,,,,,,,,14000,,,4,4,100,,0,,400,1000,,,,,,,,125,0,,,,,,,,,,,,,,,,,,,,,,,,,,,,,,,,,,,,,,,,,,,
,,,,5122,96,,4000000,9,,,,227,,,,,,,,,,,,,,,,,,,,,,,"Warmachine_lvl5",,,,"Warmachine_lvl5_activated",,,,6,,,,,,,,,,,,14000,,,4,4,100,,0,,450,1050,,,,,,,,135,0,,,,,,,,,,,,,,,,,,,,,,,,,,,,,,,,,,,,,,,,,,,
"Warrior Princess","TID_HERO_ROYAL_CHAMPION","TID_HERO_INSTRUCTIONS_ROYAL_CHAMPION",300,2950,24,"DarkElixir",130000,13,300,1200,,374,,,"sc/ui.sc","icon_hero_warriorPrincess","unit_royal_champion_big","sc/info_royal_champion.sc","unit_royal_champion_smalll","sc/ui.sc","AmazonQueen_javelin",,,"Hero Deploy",,,"AmazonQ ability hit",,"FALSE","TRUE","TRUE","TRUE",,,,,,,,900,25,"Building Ready",31,,"Elixir",,"Warrior Princess Scream",70,-40,300,,"TRUE",,,,"TRUE",0,,,,,,,,0,,,"TID_HERO_ABILITY_ROYAL_CHAMPION_TITLE","TID_HERO_ABILITY_ROYAL_CHAMPION_DESC","icon_hero_warriorPrincess_ability1","unit_royal_champion_ability_big",,70,30,,,,,,,,,,,,,,,,"Defense",,,,,,,,,,3000,1000,,-50,"TRUE",,,,,"WarriorPrincessDefault","AmazonQueen_shield",3,7100,1,"TRUE",400,,"F"
,,,,3000,36,,140000,13,,,,383,,,,,,,,,,,,,,,,,,,,,,,,,,,,,,,31,,,,,,,,,,,,,,,,,,,,,,0,,,,,,,,70,30,,,,,,,,,,,,,,,,,,,,,,,,,,,,,,,,,,,,,,,,,,,
,,,,3050,48,,150000,13,,,,392,,,,,,,,,,,,,,,,,,,,,,,,,,,,,,,31,,,,,,,,,,,,,,,,,,,,,,0,,,,,,,,70,30,,,,,,,,,,,,,,,,,,,,,,,,,,,,,,,,,,,,,,,,,,,
,,,,3100,60,,160000,13,,,,401,,,,,,,,,,,,,,,,,,,,,,,,,,,,,,,31,,,,,,,,,,,,,,,,,,,,,,0,,,,,,,,70,30,,,,,,,,,,,,,,,,,,,,,,,,,,,,,,,,,,,,,,,,,,,
,,,,3150,72,,170000,13,,,,410,,,,,,,,,,,,,,,,,,,,,,,,,,,,,,,34,,,,,,,,,,,,4000,,,,,,,,,,1700,,,,,,,,72,31,,,,,,,,,,,,,,,,,,,,,,,,,,,,,,,,,,,,,,,,,,1260,
,,,,3200,84,,180000,13,,,,418,,,,,,,,,,,,,,,,,,,,,,,,,,,,,,,34,,,,,,,,,,,,4000,,,,,,,,,,1700,,,,,,,,72,31,,,,,,,,,,,,,,,,,,,,,,,,,,,,,,,,,,,,,,,,,,1260,
,,,,3250,96,,190000,13,,,,426,,,,,,,,,,,,,,,,,,,,,,,,,,,,,,,34,,,,,,,,,,,,4000,,,,,,,,,,1700,,,,,,,,72,31,,,,,,,,,,,,,,,,,,,,,,,,,,,,,,,,,,,,,,,,,,1260,
,,,,3300,108,,200000,13,,,,434,,,,,,,,,,,,,,,,,,,,,,,,,,,,,,,34,,,,,,,,,,,,4000,,,,,,,,,,1700,,,,,,,,72,31,,,,,,,,,,,,,,,,,,,,,,,,,,,,,,,,,,,,,,,,,,1260,
,,,,3350,120,,210000,13,,,,442,,,,,,,,,,,,,,,,,,,,,,,,,,,,,,,34,,,,,,,,,,,,4000,,,,,,,,,,1700,,,,,,,,72,31,,,,,,,,,,,,,,,,,,,,,,,,,,,,,,,,,,,,,,,,,,1260,
,,,,3400,132,,220000,13,,,,450,,,,,,,,,,,,,,,,,,,,,,,,,,,,,,,37,,,,,,,,,,,,4000,,,,,,,,,,2000,,,,,,,,74,32,,,,,,,,,,,,,,,,,,,,,,,,,,,,,,,,,,,,,,,,,,1460,
,,,,3450,144,,230000,13,,,,458,,,,,,,,,,,,,,,,,,,,,,,,,,,,,,,37,,,,,,,,,,,,4000,,,,,,,,,,2000,,,,,,,,74,32,,,,,,,,,,,,,,,,,,,,,,,,,,,,,,,,,,,,,,,,,,1460,
,,,,3500,156,,235000,13,,,,466,,,,,,,,,,,,,,,,,,,,,,,,,,,,,,,37,,,,,,,,,,,,4000,,,,,,,,,,2000,,,,,,,,74,32,,,,,,,,,,,,,,,,,,,,,,,,,,,,,,,,,,,,,,,,,,1460,
,,,,3550,168,,240000,13,,,,474,,,,,,,,,,,,,,,,,,,,,,,,,,,,,,,37,,,,,,,,,,,,4000,,,,,,,,,,2000,,,,,,,,74,32,,,,,,,,,,,,,,,,,,,,,,,,,,,,,,,,,,,,,,,,,,1460,
,,,,3600,168,,245000,13,,,,482,,,,,,,,,,,,,,,,,,,,,,,,,,,,,,,37,,,,,,,,,,,,4000,,,,,,,,,,2000,,,,,,,,74,32,,,,,,,,,,,,,,,,,,,,,,,,,,,,,,,,,,,,,,,,,,1460,
,,,,3650,180,,250000,13,,,,490,,,,,,,,,,,,,,,,,,,,,,,,,,,,,,,40,,,,,,,,,,,,4000,,,,,,,,,,2300,,,,,,,,76,33,,,,,,,,,,,,,,,,,,,,,,,,,,,,,,,,,,,,,,,,,,1660,
,,,,3700,180,,255000,13,,,,498,,,,,,,,,,,,,,,,,,,,,,,,,,,,,,,40,,,,,,,,,,,,4000,,,,,,,,,,2300,,,,,,,,76,33,,,,,,,,,,,,,,,,,,,,,,,,,,,,,,,,,,,,,,,,,,1660,
,,,,3750,180,,260000,13,,,,506,,,,,,,,,,,,,,,,,,,,,,,,,,,,,,,40,,,,,,,,,,,,4000,,,,,,,,,,2300,,,,,,,,76,33,,,,,,,,,,,,,,,,,,,,,,,,,,,,,,,,,,,,,,,,,,1660,
,,,,3800,180,,265000,13,,,,514,,,,,,,,,,,,,,,,,,,,,,,,,,,,,,,40,,,,,,,,,,,,4000,,,,,,,,,,2300,,,,,,,,76,33,,,,,,,,,,,,,,,,,,,,,,,,,,,,,,,,,,,,,,,,,,1660,
,,,,3850,180,,270000,13,,,,522,,,,,,,,,,,,,,,,,,,,,,,,,,,,,,,40,,,,,,,,,,,,4000,,,,,,,,,,2300,,,,,,,,76,33,,,,,,,,,,,,,,,,,,,,,,,,,,,,,,,,,,,,,,,,,,1660,
,,,,3900,192,,273000,13,,,,530,,,,,,,,,,,,,,,,,,,,,,,,,,,,,,,43,,,,,,,,,,,,4000,,,,,,,,,,2600,,,,,,,,78,34,,,,,,,,,,,,,,,,,,,,,,,,,,,,,,,,,,,,,,,,,,1860,
